"기업명","경력","직무","질문"
"현대모비스㈜","신입","일반면접 - 재무담당자","현대모비스에서 왜 근무하고 싶으세요?"
"현대모비스㈜","신입","일반면접 - 재무담당자","원가관리 업무를 하려면 공장 및 본사 근무가 고정적이지 않고 상황에 따라 달라질 수 있는데 위 부분에 대해서는 어떻게 생각하시나요?"
"현대모비스㈜","신입","일반면접 - 재무담당자","원가율 분석 업무를 해보았는데 본인이 생각하기에 원가율을 줄이기 위한 가장 중요한 대안은 무엇이라고 생각하나요?"
"현대모비스㈜","신입","일반면접 - 기계엔지니어","스넬의 법칙에 대해 말해주세요."
"현대모비스㈜","신입","일반면접 - 기계엔지니어","전반사에 대해 말해주세요."
"현대모비스㈜","신입","일반면접 - 기계엔지니어","특별히 좋아하는 램프가 있나요?"
"현대모비스㈜","신입","일반면접 - 재무담당자","현대모비스에 몇 번 지원한 것으로 알고 있는데, 왜 우리 회사에서 일하고 싶어요?"
"현대모비스㈜","신입","일반면접 - 재무담당자","원가 관련 직무 경험이 있는 것으로 파악되는데 구체적으로 말씀해주시겠어요?"
"현대모비스㈜","신입","일반면접 - 재무담당자","공고를 보면 알겠지만 근무지가 진천이랑 서울을 왔다갔다 해야 되는데 괜찮을까요?"
"현대모비스㈜","신입","일반면접 - 품질관리자","현대모비스가 어떤 제품을 만들고, 어떤 사업을 하는지 알고 있나요?"
"현대모비스㈜","신입","일반면접 - 품질관리자","성격의 장단점에 대해 말씀해주실수 있나요?"
"현대모비스㈜","신입","일반면접 - 품질관리자","전동화 제품중 아는건 무엇이 있나요?"
"현대모비스㈜","신입","일반면접 - 품질관리자","해당 직무에 지원한 동기는?"
"현대모비스㈜","신입","일반면접 - 품질관리자","해당 직무에서 가장 중요한 것은?"
"현대모비스㈜","신입","일반면접 - 품질관리자","설계 직무에 더 맞는 사람인 것 같은데 왜 이 직무에 지원하셨나요?"
"현대모비스㈜","신입","일반면접 - 품질관리자","감정노동이 심한 직무인데 괜찮은가요?"
"현대모비스㈜","신입","일반면접 - 품질관리자","전기, 전자 쪽이 점점 중요해지는데 이쪽으로 공부하는게 있나요?"
"현대모비스㈜","신입","일반면접 - 제품영업","자기소개를 해보세요."
"현대모비스㈜","신입","일반면접 - 제품영업","리더 역할을 했을 때 사람들의 반응이 어땠나요?"
"현대모비스㈜","신입","일반면접 - 제품영업","갈등을 해결한 경험을 말해보세요."
"현대모비스㈜","신입","일반면접 - 기계엔지니어","몇번째 면접인가?"
"현대모비스㈜","신입","일반면접 - 기계엔지니어","프로젝트에서 본인이 낸 아이디어는 어떤 것인지?"
"현대모비스㈜","신입","일반면접 - 기계엔지니어","본인이 지원 직무에서 기여할 수 있는 부분은?"
"현대모비스㈜","신입","일반면접 - 품질관리자","자기소개를 해보세요"
"현대모비스㈜","신입","일반면접 - 품질관리자","학점이 낮은데? 이유는?"
"현대모비스㈜","신입","일반면접 - 품질관리자","창의적으로 문제를 해결해 본 경험?"
"현대모비스㈜","신입","일반면접 - 품질관리자","천안 말고 다른 근무지도 상관없는가?"
"현대모비스㈜","신입","일반면접 - 품질관리자","생산관리 직무가 무엇이라고 생각하는가?"
"현대모비스㈜","신입","일반면접 - 품질관리자","학부시절 팀활동경험에 대해 말해보세요."
"현대모비스㈜","신입","일반면접 - 품질관리자","인적성 전형 당시 창의성평가 때 적었던 내용에 관해 질문을 하십니다."
"현대모비스㈜","신입","일반면접 - 품질관리자","협동했던 사례"
"현대모비스㈜","신입","일반면접 - 품질관리자","도전했던 사례"
"현대모비스㈜","인턴","일반면접 - 기계엔지니어","인상깊은 팀프로젝트에 대해 말해보세요."
"현대모비스㈜","인턴","일반면접 - 기계엔지니어","창의적인 아이디어를 낸 경험에 대해 말해보세요."
"현대모비스㈜","인턴","일반면접 - 기계엔지니어","좌우명은 무엇인가요?"
"현대모비스㈜","인턴","일반면접 - 기계엔지니어","현대모비스가 생산하고 있는 품목들은 어떤 것이 있습니까?"
"현대모비스㈜","인턴","일반면접 - 기계엔지니어","현대모비스에 대해 알고 계신 것이 있으십니까?"
"현대모비스㈜","신입","일반면접 - AS사업>AS부품>영업관리","왜 공대생인데, 영업 쪽을 선택했는가?"
"현대모비스㈜","신입","인성면접 - 제품영업","본인 인생에서 가장 힘들었던 경험은 무엇이었습니까?"
"현대모비스㈜","신입","인성면접 - 제품영업","자동차와 관련된 에피소드가 있습니까?"
"현대모비스㈜","신입","인성면접 - 제품영업","축구 동아리에 들어간 이유는 무엇입니까?"
"현대모비스㈜","신입","인성면접 - 품질관리자","그러면 앞서의 경험들에 본인 스스로 점수를 준다면 100점 만점에 몇 점을 주고 싶나요?"
"현대모비스㈜","신입","인성면접 - 품질관리자","살아오며 창의적으로 일을 처리한 경험을 한 가지 말해보세요."
"현대모비스㈜","신입","인성면접 - 품질관리자","살아오며 최선의 노력을 했던 경험을 하나만 말해보세요."
"현대모비스㈜","신입","인성면접 - 품질관리자","취업 후 기숙사에 살고 싶나요?"
"현대모비스㈜","인턴","인성면접 - 품질관리자","관련 자격증을 취득하지 않은 이유는 무엇인가요?"
"현대모비스㈜","인턴","인성면접 - 품질관리자","1분 동안 자기소개해보세요."
"현대모비스㈜","인턴","인성면접 - 품질관리자","해외에서 문제를 해결해 본 경험이 있나요?"
"현대모비스㈜","신입","인성면접 - 제조사업>품질>품질관리","창의적으로 문제를 해결했던 경험에 대해 이야기해보시오."
"현대모비스㈜","신입","인성면접 - 제조사업>품질>품질관리","계획을 세워 목표를 이뤘던 경험에 대해 이야기해보시오."
"현대모비스㈜","신입","인성면접 - 제조사업>품질>품질관리","공백기 동안 무엇을 했는가?"
"현대모비스㈜","신입","인성면접 - 제조사업>품질>품질관리","누군가와 협업했던 경험에 대해 이야기해보시오. 구체적으로 준비기간, 역할, 내용, 협력한 사항 등에 대해 이야기해보시오."
"현대모비스㈜","신입","인성면접 - 제조사업>품질>품질관리","단체생활을 하면서 무언가를 새롭게 개선했던 경험이 있는가?"
"현대모비스㈜","신입","인성면접 - 제조사업>품질>품질관리","살면서 힘들었던 경험이 있는가?"
"현대모비스㈜","신입","인성면접 - 제조사업>품질>품질관리","지원자의 성격은 어떠한가?"
"현대모비스㈜","신입","인성면접 - 제조사업>품질>품질관리","직무와 관련하여 관심있는 기술이 있는가?"
"현대모비스㈜","신입","인성면접 - 제조사업>품질>품질관리","품질관리 직무에 지원한 지원동기는 무엇인가?"
"현대모비스㈜","신입","인성면접 - 지원>재경>재무","1분 자기소개해보시오."
"현대모비스㈜","신입","인성면접 - 지원>재경>재무","도전했던 경험에 대해 말씀해주십시오."
"현대모비스㈜","신입","인성면접 - 지원>재경>재무","마지막으로 하고 싶은 말이 있는가?"
"현대모비스㈜","신입","인성면접 - 지원>재경>재무","이메일 주소는 언제 만든 것인가?"
"현대모비스㈜","신입","인성면접 - 지원>재경>재무","창의력을 발휘했던 경험에 대해 얘기해주십시오."
"현대모비스㈜","신입","인성면접 - 지원>재경>재무","취미가 무엇인가?"
"현대모비스㈜","신입","인성면접 - 지원>경영지원>인사/총무","창의적으로 문제를 해결했던 경험에 대해 이야기해보시오."
"현대모비스㈜","신입","인성면접 - 지원>경영지원>인사/총무","가장 도전적인 자세로 도전했던 일에 대해 이야기해보시오."
"현대모비스㈜","신입","인성면접 - 연구개발","공동의 목표를 위해 함께 노력한 경험에 대해 말해보시오."
"현대모비스㈜","신입","인성면접 - 연구개발","어려운 목표를 세우고 체계적으로 달성하려 노력했던 경험에 대해 말해보시오."
"현대모비스㈜","신입","인성면접 - 연구개발","간단하게 자기소개 해보시오."
"현대모비스㈜","신입","인성면접 - 연구개발","같은 문제에 대해 다른 사람과 의견이 갈릴 때 어떻게 할 것인가?"
"현대모비스㈜","신입","인성면접 - 연구개발","경험했던 조별 프로젝트에서 성취한 결과와 그 결과를 이루기 위해 팀원 혹은 개인으로 어떤 노력을 했는지 말해보시오."
"현대모비스㈜","신입","인성면접 - 연구개발","교육 봉사 활동을 했던데, 지적 장애 아동을 대상으로 한 봉사 활동은 어떤 것이었나?"
"현대모비스㈜","신입","인성면접 - 연구개발","구성원과 하나의 높은 목표를 설정하고 함께 도전한 경험이 있는가? 그곳에서 당신의 역할은 무엇이었는지 구체적으로 설명해봐라. 구체적으로 몇 퍼센트의 일을 분담했다고 생각하는가?"
"현대모비스㈜","신입","인성면접 - 연구개발","높은 목표를 정해서 일했던 적이 있는가?"
"현대모비스㈜","신입","인성면접 - 연구개발","모터 설계를 한다고 했는데, 전자계 설계 쪽인가? 아니면 기구 설계 쪽인가?"
"현대모비스㈜","신입","인성면접 - 연구개발","모터 전자계 설계를 하고 싶다고 했는데, 이 일을 하지 않더라도 현대모비스에서 일할 의향이 있는가?"
"현대모비스㈜","신입","인성면접 - 연구개발","모터를 설계한 후에는 제작이 들어가야 할 텐데, 이 부분까지 고려를 하고 있는 건가?"
"현대모비스㈜","신입","인성면접 - 연구개발","본인을 왜 뽑아야 하는지 말해보시오."
"현대모비스㈜","신입","인성면접 - 연구개발","본인이 전공하고 지원한 분야가 아니더라도 현대모비스에서 일할 의향이 있는가?"
"현대모비스㈜","신입","인성면접 - 연구개발","봉사 활동은 얼마나 자주 했으며 어느 정도의 시간을 할애했는가?"
"현대모비스㈜","신입","인성면접 - 연구개발","어떤 분야에서 일하고 싶은가? 그 분야에서 하는 일은 무엇인지 알고 있는가?"
"현대모비스㈜","신입","인성면접 - 연구개발","역경을 극복한 경험이 있는가?"
"현대모비스㈜","신입","인성면접 - 연구개발","왜 현대자동차가 아니라 현대모비스를 선택했는가?"
"현대모비스㈜","신입","인성면접 - 연구개발","이 연구가 석사 졸업 논문 테마인가? 앞으로 남은 기간 동안 최적 설계를 마치고 제작을 통한 유효성 검증까지 마칠 수 있겠는가?"
"현대모비스㈜","신입","인성면접 - 연구개발","자기소개서를 보면 교육 봉사 활동을 언급했는데, 구체적으로 어떤 봉사 활동이었나? 봉사 활동에는 얼마나 자주, 그리고 얼마나 많은 시간을 할애했는가?"
"현대모비스㈜","신입","인성면접 - 연구개발","자기소개서에 들어가고 싶은 팀 이름을 언급했는데, 이것은 어떤 경로를 통해 알게 되었는가?"
"현대모비스㈜","신입","인성면접 - 연구개발","자소서에 적은 대회 경험에 대한 결과는 어땠는가?"
"현대모비스㈜","신입","인성면접 - 연구개발","전공 관련 경험에 대해 이야기해보시오."
"현대모비스㈜","신입","인성면접 - 연구개발","전자계 설계를 하면 유효성 검증이 중요할 텐데, 이에 대한 것은 어떻게 진행하는가?"
"현대모비스㈜","신입","인성면접 - 연구개발","조별 프로젝트를 한 적이 있는가? 있다면 어떤 과제였으며, 결과는 어떠했고, 그 결과를 이루기 위해서 팀원 혹은 개인으로서 지원자는 어떠한 노력을 했는가?"
"현대모비스㈜","신입","인성면접 - 연구개발","주민등록번호 폐지에 대해 찬반토론하라."
"현대모비스㈜","신입","인성면접 - 연구개발","준비한 피티자료를 5분 동안 발표해보시오."
"현대모비스㈜","신입","인성면접 - 연구개발","중국에서 황사가 몰려오는 것에 대한 대처 방안에 대해 이야기해보시오."
"현대모비스㈜","신입","인성면접 - 연구개발","지원자가 말하는 연구는 산학 과제인 건가? 아니면 연구실에서 자체적으로 하는 연구인가?"
"현대모비스㈜","신입","인성면접 - 연구개발","지원자의 강점에 대해 이야기해보시오."
"현대모비스㈜","신입","인성면접 - 연구개발","지원자의 성격은 어떠한가?"
"현대모비스㈜","신입","인성면접 - 연구개발","창의성을 발휘했던 경험에 대해 말해보시오."
"현대모비스㈜","신입","인성면접 - 연구개발","프로젝트 경험 중 어려웠던 점은 없었는가? 어떻게 극복하였는가?"
"현대모비스㈜","신입","인성면접 - 연구개발","프로젝트를 진행하면서 어려운 점은 무엇이었는가?"
"현대모비스㈜","신입","인성면접 - 연구개발","현대모비스가 당신을 왜 뽑아야 하는지 얘기해봐라."
"현대모비스㈜","신입","인성면접 - 연구개발","현대모비스에 대해 아는 대로 말해보시오."
"현대모비스㈜","신입","인성면접 - 연구개발","현대모비스에 얼마나 관심이 있는가?"
"현대모비스㈜","신입","인성면접 - 연구개발","다른 사람과 협력했던 경험에 대해 이야기해보시오."
"현대모비스㈜","신입","임원면접 - 생산기술","공백기가 있는데 이유가 무엇이며 무엇을 했나요?"
"현대모비스㈜","신입","인성면접 - 연구개발>디자인","갈등 상황에 대한 본인의 대처 방식은?"
"현대모비스㈜","신입","인성면접 - 연구개발>디자인","공백기에 무엇을 했는가?"
"현대모비스㈜","신입","임원면접 - 제조사업>품질","해당 직무에 지원한 동기가 무엇인가?"
"현대모비스㈜","신입","인성면접 - 자동차영업","그 자료가 의미하는 바가 무엇입니까?"
"현대모비스㈜","신입","인성면접 - 자동차영업","본인이 무언가에 도전적으로 수행했던 경험에 대해서 말해보세요."
"현대모비스㈜","신입","인성면접 - 자동차영업","본인이 제시했던 대안이 가장 합리적이라고 생각했던 이유를 말해보세요."
"현대모비스㈜","신입","인성면접 - 자동차영업","본인이 창의적으로 문제를 해결했던 경험에 대해서 설명해주세요."
"현대모비스㈜","신입","인성면접 - 자동차영업","제시된 자료 내용 중 ㅇㅇ에 대해서 설명해보세요."
"현대모비스㈜","신입","인성면접 - R&D(연구개발)","1분 자기소개를 해보세요."
"현대모비스㈜","신입","인성면접 - R&D(연구개발)","결과를 얻기 위해 무언가에 도전을 한 경험이 있나요?"
"현대모비스㈜","신입","인성면접 - R&D(연구개발)","공백기간 6개월 동안 무엇을 하며 지냈나요?"
"현대모비스㈜","신입","인성면접 - R&D(연구개발)","높은 결과를 얻기 위해 도전을 한 적이 있습니까?"
"현대모비스㈜","신입","인성면접 - R&D(연구개발)","디른 기업에 지원한 경험이 있습니까?"
"현대모비스㈜","신입","인성면접 - R&D(연구개발)","열역학 제 1법칙이란 무엇인지 말해보세요."
"현대모비스㈜","신입","인성면접 - R&D(연구개발)","인턴 경험을 통해 느낀 점이 있습니까?"
"현대모비스㈜","신입","인성면접 - R&D(연구개발)","주어진 자료를 볼 때, 가장 큰 문제점은 무엇이라 생각하나요?"
"현대모비스㈜","신입","인성면접 - R&D(연구개발)","창의적인 아이디어를 낸 사례를 말해보세요."
"현대모비스㈜","신입","인성면접 - R&D(연구개발)","친구들이 말하는 본인의 단점은 무엇인가요?"
"현대모비스㈜","신입","인성면접 - R&D(연구개발)","현대모비스 외에 다른 곳 어디 지원했나요?"
"현대모비스㈜","신입","인성면접 - 생산관리/품질관리","가장 힘들었던 경험 혹은 어려웠던 경험은 무엇인가?"
"현대모비스㈜","신입","인성면접 - R&D(연구개발)","가장 중점적으로 생각하는 기업의 이미지는 무엇입니까?"
"현대모비스㈜","신입","인성면접 - R&D(연구개발)","기업의 이미지의 핵심은 무엇이라고 생각합니까?"
"현대모비스㈜","신입","인성면접 - R&D(연구개발)","다이오드에 대해 설명해주세요."
"현대모비스㈜","신입","인성면접 - R&D(연구개발)","도전적으로 일을 한 경험이 있습니까?"
"현대모비스㈜","신입","인성면접 - R&D(연구개발)","리더십을 발휘해 본 경험이 있나요?"
"현대모비스㈜","신입","인성면접 - R&D(연구개발)","목표를 이루기 위해 본인이 지금까지 준비한 것이 무엇입니까?"
"현대모비스㈜","신입","인성면접 - R&D(연구개발)","무중력과 무중량의 차이에 대해 알고 있나요?"
"현대모비스㈜","신입","인성면접 - R&D(연구개발)","문제 해결을 위해 새로운 방안을 제시한 적이 있나요?"
"현대모비스㈜","신입","인성면접 - R&D(연구개발)","본인의 장단점은 무엇이며, 본인은 장점을 더욱 부각시키는 타입입니까, 아니면 단점을 보완하는 타입입니까?"
"현대모비스㈜","신입","인성면접 - R&D(연구개발)","본인이 이 자리에 오기까지 준비한 것이 무엇이며, 목표를 이루기 위해 노력한 것은 무엇인가요?"
"현대모비스㈜","신입","인성면접 - R&D(연구개발)","본인이 팀 프로젝트를 진행하는 데 있어 맡은 역할에 대해 말해보세요."
"현대모비스㈜","신입","인성면접 - R&D(연구개발)","부품 구매 회사 선택에 대해 토론을 해보세요."
"현대모비스㈜","신입","인성면접 - R&D(연구개발)","부품구 매 회사를 선택하는 기준은 무엇입니까?"
"현대모비스㈜","신입","인성면접 - R&D(연구개발)","살면서 도전적으로 일을 한 경험이 있다면 말해보세요."
"현대모비스㈜","신입","인성면접 - R&D(연구개발)","살면서 어려웠던 경험이 있다면 말해보세요."
"현대모비스㈜","신입","인성면접 - R&D(연구개발)","수학계획서에 샤시모듈에 관심이 있다고 했는데, 모듈화에 대해 설명해보세요."
"현대모비스㈜","신입","인성면접 - R&D(연구개발)","에어 서스펜션이 들어간 현대자동차 차량이 무엇인지 알고 있나요?"
"현대모비스㈜","신입","인성면접 - R&D(연구개발)","자동차 제어에 관심이 있는 이유는 무엇인가요?"
"현대모비스㈜","신입","인성면접 - R&D(연구개발)","재료의 응력과 변형률에 대하여 설명해보세요."
"현대모비스㈜","신입","인성면접 - R&D(연구개발)","제너다이오드가 무엇인지 알고 있나요?"
"현대모비스㈜","신입","인성면접 - R&D(연구개발)","주식투자대회에서 수상했는데, 수상 비결이 무엇인가요?"
"현대모비스㈜","신입","인성면접 - R&D(연구개발)","창의적으로 문제를 해결한 경험이 있습니까?"
"현대모비스㈜","신입","인성면접 - R&D(연구개발)","팀 활동 경험과 문제 해결 사례를 말해보세요."
"현대모비스㈜","신입","인성면접 - R&D(연구개발)","학부 연구생으로 있으면서 진행한 프로젝트에 대해 말해보세요."
"현대모비스㈜","신입","인성면접 - R&D(연구개발)","현대모비스 계약학과에 지원한 동기가 있나요?"
"현대모비스㈜","신입","인성면접 - R&D(연구개발)","현대모비스에서 하고 싶은 분야의 일은 무엇인가요?"
"현대모비스㈜","신입","인성면접 - R&D(연구개발)","현대모비스에서 하고 싶은 직무는 무엇인가요?"
"현대모비스㈜","신입","인성면접 - R&D(연구개발)","협력해서 프로젝트나 공동체로 무엇을 진행했던 경험이 있나요?"
"현대모비스㈜","신입","인성면접 - R&D(연구개발)","OS의 개념에 대해 말해보세요."
"현대모비스㈜","신입","인성면접 - R&D(연구개발)","Queue와 Stack의 차이에 대해 말해보세요."
"현대모비스㈜","신입","일반면접 - 물류","비서 자격증이 있는데, 특별히 비서 자격증을 취득한 이유가 있나요?"
"현대모비스㈜","신입","일반면접 - R&D(연구개발)","비서 자격증을 딴 이유가 무엇입니까?"
"현대모비스㈜","신입","일반면접 - R&D(연구개발)","연구개발에서 하고 싶은 분야가 있습니까?"
"현대모비스㈜","신입","일반면접 - R&D(연구개발)","가장 성취감을 느낀 경험에 대해 말해주세요."
"현대모비스㈜","신입","일반면접 - R&D(연구개발)","노이즈의 대표적인 예가 있다면 어떤 것인지 말해보시오"
"현대모비스㈜","신입","일반면접 - R&D(연구개발)","노이즈의 대표적인 예를 말해보세요."
"현대모비스㈜","신입","일반면접 - R&D(연구개발)","도전적인 경험에 대해 말해보시오"
"현대모비스㈜","신입","일반면접 - R&D(연구개발)","목적을 달성하기 위해 남들보다 더 노력했던 경험이 있습니까?"
"현대모비스㈜","신입","일반면접 - R&D(연구개발)","목적을 달성하기 위해 남들보다 더 노력했던 적이 있나요?"
"현대모비스㈜","신입","일반면접 - R&D(연구개발)","본인이 왜 인턴 전환이 안 되었다고 생각하나요?"
"현대모비스㈜","신입","일반면접 - R&D(연구개발)","본인이 왜 인턴전환이 안되었다고 생각하나요?"
"현대모비스㈜","신입","일반면접 - R&D(연구개발)","본인이 왜 인턴전환이 안되었다고 생각합니까?"
"현대모비스㈜","신입","일반면접 - R&D(연구개발)","살면서 가장 성취감을 느낀 경험이 있습니까?"
"현대모비스㈜","신입","일반면접 - R&D(연구개발)","연구개발에서 하고 싶은 분야는 무엇이며, 그 분야에 대해 아는 대로 말해주세요."
"현대모비스㈜","신입","일반면접 - R&D(연구개발)","인턴한 곳을 두고 현대모비스에 지원한 이유가 있나요?"
"현대모비스㈜","신입","일반면접 - R&D(연구개발)","인턴한 곳이 아닌 현대모비스를 지원한 특별한 이유가 있나요?"
"현대모비스㈜","신입","일반면접 - R&D(연구개발)","창의적으로 문제를 해결한 경험이 있습니까?"
"현대모비스㈜","신입","일반면접 - R&D(연구개발)","회로에서 노이즈를 줄이기 위해 해야하는 방법이 있습니까?"
"현대모비스㈜","신입","일반면접 - R&D(연구개발)","회로에서 노이즈를 줄이려면 어떻게 해야 하는지 말해보세요."
"현대모비스㈜","신입","일반면접 - 경영-사무","다른 회사에 지원한 적이 있는가? 있다면 결과는 어떻게 되었는가?"
"현대모비스㈜","신입","일반면접 - 경영-사무","자신의 성과가 팀의 성과로 결과가 나왔을 때 당신은 어떤 반응을 보이는가?"
"현대모비스㈜","신입","일반면접 - 경영-사무","현대자동차가 아니라 왜 현대모비스에 오고싶은가?"
"현대모비스㈜","신입","일반면접 - 생산제조","회사 상황이 어려워졌을 때 본인이 할 수 있는 일은 무엇이라고 생각하는가?"
"현대모비스㈜","신입","인성면접","4명이상 전공관련 팀프로젝트 활동이 있는가? 있다면 구체적으로 설명하라"
"현대모비스㈜","신입","인성면접","팀활동간에 힘들어한 사람이 있는가? 있다면 본인은 그 사람을 위해 어떻게 하였는가?"
"현대모비스㈜","신입","인성면접 - 플랜트운영","동아리 활동을 한 적이 있는가? 있다면 팀에서 어떤 역할을 맡았는가?"
"현대모비스㈜","신입","인성면접 - 플랜트운영","팀활동에서 갈등을 겪은 사례는 없었는가?"
"현대모비스㈜","신입","인성면접 - 플랜트운영","팀활동에서 창의적으로 개선안을 내어 성과를 낸 적이 있는가?"
"현대모비스㈜","신입","임원면접 - 선행연구","마지막으로 하고 싶은 이야기가 있나요?"
"현대모비스㈜","신입","임원면접 - 선행연구","본인이 한 프로젝트에 대해서 설명해주세요"
"현대모비스㈜","신입","토론면접 - 연구개발","동아리 활동을 열심히 했다고 했는데 동아리를 위해 특별히 노력한 것이 있다면?"
"현대모비스㈜","신입","토론면접 - 연구개발","조직이나 프로세스를 개선하기 위해 노력했던 경험은?"
"현대모비스㈜","신입","토론면접 - 연구개발","창의적으로 성공한 경험은?"
"현대모비스㈜","신입","임원면접 - R&D","공동의 목표를 위해서 한 일이 있나요?"
"현대모비스㈜","신입","임원면접 - R&D","미래에는 어떤 자동차가 나올거 같나요?"
"현대모비스㈜","신입","인성면접 - 자동차부품제조","어려운 상황에서 극복해낸 경험은?"
"현대모비스㈜","경력무관","인성면접 - 사무보조 계약직","업무를 볼 때 과정이 중요한가, 결과가 중요한가"
"현대모비스㈜","신입","일반면접 - ceo전형","현대모비스에서 어떤 자동차 부품을 만들고 싶은가요?"
"현대모비스㈜","신입","임원면접 - R&D(연구개발)","현대 모비스에서 만들고 싶은 자동차 부품이 있습니까?"
"현대모비스㈜","신입","일반면접 - 유통-무역","조직의 뜻과 자신의 의도와 어긋났을 때 어떻게 행동할 것인가?"
"현대모비스㈜","신입","일반면접 - 생산제조","두가지의 중요한 일이 겹쳤던 적이 있는가?"
"현대모비스㈜","신입","일반면접 - 생산제조","안전벨트를 개선시킬 방안은 무엇인가?"
"현대모비스㈜","신입","일반면접 - 특수계통-공공","현대모비스에서 생산하는 제품들을 알고 있는가?"
"현대모비스㈜","신입","임원면접 - 구매","말을 굉장히 잘하는데 선천적인건가 연습한건가?"
"현대모비스㈜","신입","인성면접 - 플랜트","기술보다 영업쪽이 어울릴것 같은데 어떻게 생각하는가?"
"현대모비스㈜","신입","PT면접 - 품질관리","품질관리에 사용되는 기법에 대해 말해보시오"
"현대모비스㈜","신입","PT면접 - 품질관리","품질관리에 사용되는 기법에 대해 설명해보세요."
"현대모비스㈜","신입","일반면접","부당한 일을 목격한다면 어떻게 하겠는가?"
"현대모비스㈜","신입","일반면접","시간이 촉박했던 프로젝트가 있는가?"
"현대모비스㈜","신입","일반면접","어느 부서에서 일해보고 싶은가?"
"현대모비스㈜","신입","일반면접","어려운 일을 가장 창의적으로 해결했던 경험이 있는가?"
"현대모비스㈜","신입","일반면접","의견 불일치 시 해결은 어떻게 하는가?"
"현대모비스㈜","신입","일반면접","인생에서 겪은 실패 경험은 무엇인가?"
"현대모비스㈜","신입","일반면접","자기소개를 포함한 면접관에게 어필하고 싶은 이야기가 있다면 해달라"
"현대모비스㈜","신입","일반면접","자신이 바라는 회사의 모습은 무엇인지 설명해달라."
"현대모비스㈜","신입","일반면접","좌우명은 무엇인가?"
"현대모비스㈜","신입","일반면접","지원한 직무를 선택한 이유는 무엇인가?"
"현대모비스㈜","신입","일반면접","팀프로젝트를 하면서 갈등을 다뤄본적이 있는가?"
"현대모비스㈜","신입","일반면접","합격한 다른 회사가 있는가?"
"현대모비스㈜","신입","일반면접","현대모비스에서 어떤 자동차 부품을 만들고 싶은가?"
"현대모비스㈜","신입","인성면접 - 플랜트 운영","동아리 활동을 하면서 어려운 점이 있었는가?"
"현대모비스㈜","신입","인성면접 - 플랜트 운영","마지막으로 하고 싶은 말은?"
"현대모비스㈜","신입","인성면접 - 플랜트 운영","모 자동차 회사는 몇 주년을 기념하기 위해 자동차 박물관을 설립하는데 세부 계획을 정하라."
"현대모비스㈜","신입","인성면접 - 플랜트 운영","식스 시그마란 무엇인지 설명할 수 있는가?"
"현대모비스㈜","신입","인성면접 - 플랜트운영","뒤집어져 있는 3개의 종이를 선택 후(저의 경우 자동차 바퀴) 이것을 다른 용도로 어떻게 사용할 수 있을까?"
"현대모비스㈜","신입","임원면접 - 기계","정규직 고용에 대해 고용자와 피고용자 각각의 입장에서 논해보시오."
"현대모비스㈜","신입","임원면접 - 기계","정규직 고용에 대해 고용자와 피고용자의 입장에 대한 본인의 의견을 말해보시오"
"현대모비스㈜","신입","임원면접 - 기계","정규직 고용에 대해 고용자와 피고용자의 입장에서 본인의 의견을 말해보시오"
"현대모비스㈜","신입","일반면접 - 기술개발","본인이 무언가 결정을 할 때 가장 영향을 미치는 것은 무엇인가요?"
"현대모비스㈜","신입","일반면접 - 기술개발","본인이 무언가 결정하려고 할 때 결정에 가장 영향을 미치는 요인은 무엇인가요?"
"현대모비스㈜","신입","일반면접 - 기술개발","본인이 뭔가를 결정 할때 가장 영향을 미치는 것은 무엇입니까?"
"현대모비스㈜","신입","임원면접 - R&D(연구개발)","휴학한 이유가 무엇입니까?"
"현대모비스㈜","신입","일반면접 - R&D","휴학한 이유는 무엇인가요?"
"현대모비스㈜","신입","인성면접 - 구매","자살률이 증가하는 이유를 사회적인 가치와 연결지어 설명하고 이에 따른 해결책을 제시하시오."
"현대모비스㈜","신입","인성면접 - 구매","지원한 직무가 무엇을 하는것인지 알고있는가?"
"현대모비스㈜","신입","토론면접","다른 부서에 배치되어도 일할 의향이 있는가?"
"현대모비스㈜","신입","토론면접","미국엔 왜 있었나? 영어를 잘하나?"
"현대모비스㈜","신입","토론면접","영어 실력을 어떻게 유지했나?"
"현대모비스㈜","신입","토론면접","영어를 배운 적 있나?"
"현대모비스㈜","신입","토론면접","제2외국어 수준이 어느정도인가?"
"현대모비스㈜","신입","토론면접","현대모비스가 다른 나라에서 어떤 새로운 사업을 할 수 있겠는가? 예상 기간과 예상 금액도 같이 말해보라"
"현대모비스㈜","신입","토론면접","현대모비스는 전기차 사업을 해야 하는가?"
"현대모비스㈜","신입","토론면접","현대모비스에 지원한 동기는?"
"현대모비스㈜","신입","임원면접","당장출근가능한가?"
"현대모비스㈜","신입","임원면접","본인의 단점은?"
"현대모비스㈜","신입","임원면접","술은잘마시는편인가?"
"현대모비스㈜","신입","임원면접","우리회사가 하는일은 무엇인가?"
"현대모비스㈜","신입","임원면접","자신을 어필할 수 있는 마지막으로 하고싶은말은?"
"현대모비스㈜","신입","인성면접 - 재경","다른 사람을 설득해 본 경험이 있는가?"
"현대모비스㈜","신입","인성면접 - 재경","마지막으로 하고 싶은 말 있으면 각각 30초씩 하라."
"현대모비스㈜","신입","인성면접 - 재경","상사가 법적으로 명백한 부당행위를 지시한다면 어떻게 하겠는가?"
"현대모비스㈜","신입","인성면접 - 재경","우리회사 매출액이 연결기준, 개별기준으로 각각 얼마인가?"
"현대모비스㈜","신입","인성면접 - 재경","일이 힘든데 할 수 있겠는가?"
"현대모비스㈜","신입","인성면접 - 재경","자기소개를 1분간 해보라"
"현대모비스㈜","신입","인성면접 - 재경","현대자동차가 아닌 현대모비스 지원동기가 무엇인가?"
"현대모비스㈜","경력무관","일반면접","1분 자기소개해보세요"
"현대모비스㈜","경력무관","일반면접","고향이 어디인지 영어로 설명해보세요"
"현대모비스㈜","경력무관","일반면접","군대생활을 영어로 말해보세요"
"현대모비스㈜","경력무관","일반면접","다른 곳에 붙었는데 우리 회사에 오려고 하는 이유는?"
"현대모비스㈜","경력무관","일반면접","마지막으로 하고 싶은 말을 해보세요"
"현대모비스㈜","경력무관","일반면접","아버지는 무슨 일을 하시는가?"
"현대모비스㈜","경력무관","일반면접","어디서 사는가? 지역을 소개해보세요"
"현대모비스㈜","경력무관","일반면접","외국에 갔다 왔는가? 그곳의 느낌은 어떠한지 영어로 말해보세요"
"현대모비스㈜","경력무관","일반면접","전공과 관련하여 회사에 어떠한 상품이 있는지 아는가?"
"현대모비스㈜","경력무관","일반면접","취미와 특기가 무엇인지 영어로 말해보세요"
"현대모비스㈜","신입","일반면접 - R&D","관심 있게 들은 과목은 무엇인가? 그 과목에 대해 설명해보세요"
"현대모비스㈜","신입","일반면접 - R&D","마지막으로 하고 싶은 말을 해보세요"
"현대모비스㈜","신입","일반면접 - R&D","어떠한 직무를 하고 싶은지 말하고 그에 대한 배경이 어떤 것인지 스피치해보세요"
"현대모비스㈜","경력무관","일반면접 - 연구개발","간단하게 자신의 연구 분야를 설명하고 자신이 모비스에 어떻게 기여할 수 있는지에 대해 설명해보세요"
"현대모비스㈜","경력무관","일반면접 - 연구개발","공백기가 있는데 공백기간동안 무엇을 했는가?"
"현대모비스㈜","경력무관","일반면접 - 연구개발","두려움을 극복해본적있는가?"
"현대모비스㈜","경력무관","일반면접 - 연구개발","모비스에 입사하고 싶은 이유를 영어로 말해보세요"
"현대모비스㈜","경력무관","일반면접 - 연구개발","영어공부는 어느 정도 하는지 영어로 말해보세요"
"현대모비스㈜","경력무관","일반면접 - 연구개발","오늘 면접 올때 뭐 타고 왔는지 영어로 말해보세요"
"현대모비스㈜","경력무관","일반면접 - 연구개발","이름과 하고싶은 업무 그리고 관련 경험 과 업무에 대한 장점 및 포부를 넣어 자기소개해보세요"
"현대모비스㈜","경력무관","일반면접 - 연구개발","장점과 단점을 영어로 말해보세요"
"현대모비스㈜","경력무관","일반면접 - 연구개발","취미가 무엇인가? 영어로 말해보세요"
"현대모비스㈜","경력무관","일반면접 - 연구개발","취미가 무엇인지 영어로 말해보세요"
"현대모비스㈜","경력무관","일반면접 - 디자인","다른 곳도 지원했는가?"
"현대모비스㈜","경력무관","일반면접 - 디자인","디자인 중에서 특히 하고 싶은 쪽은 무엇인가?"
"현대모비스㈜","경력무관","일반면접 - 디자인","마지막으로 하고 싶은 말은 있는가?"
"현대모비스㈜","경력무관","일반면접 - 디자인","복수 전공을 했는가?"
"현대모비스㈜","경력무관","일반면접 - 디자인","왜 이곳을 지원했는가?"
"현대모비스㈜","경력무관","일반면접 - 디자인","자기소개를 해보라"
"현대모비스㈜","경력무관","일반면접 - 디자인","전공이 무엇인가?"
"현대모비스㈜","신입","일반면접 - 산학장학생","유성기업문제에 대해 설명해보라"
"현대모비스㈜","신입","일반면접 - 산학장학생","임직원자녀가산점을 노조와 구직자 입장에서 각각 설명해보라"
"현대모비스㈜","신입","일반면접 - 산학장학생","학점이 낮은 이유는?"
"현대자동차㈜","신입","일반면접 - 온라인마케터","자기소개 해주세요."
"현대자동차㈜","신입","일반면접 - 온라인마케터","저관여 고객들을 끌여들이기 위한 마케팅 방안은 무엇이 있을까요?"
"현대자동차㈜","신입","일반면접 - 온라인마케터","개인적으로 가장 사고 싶은 자동차는 무엇인가요?"
"현대자동차㈜","신입","일반면접 - 품질관리자","PPT 내용 중에 제조업 아르바이트를 했다고 했는데 굳이 왜 제조업을 했나요?"
"현대자동차㈜","신입","일반면접 - 품질관리자","PPT 내용 중에 범퍼를 교체하는 업무를 했다고 했는데 하면서 느낀 점은 무엇인가요?"
"현대자동차㈜","신입","일반면접 - 품질관리자","대학교와 대외활동을 모두 윗지방에서 생활했는데 왜 울산공장에 지원했나요?"
"현대자동차㈜","신입","일반면접 - 품질관리자","대외활동을 하면서 외국인과 소통하는데 어려움은 없었나요?"
"현대자동차㈜","신입","일반면접 - 재무담당자","현대자동차에 지원하게 된 동기가 어떻게 되실까요?"
"현대자동차㈜","신입","일반면접 - 재무담당자","부품 단위의 직접 원가를 줄이는 것에 대해서 어떻게 생각하나요?"
"현대자동차㈜","신입","일반면접 - 재무담당자","본인이 차종 손익 기획을 한다고 하였을 때 가장 중요하게 보는 기준은 무엇일까요?"
"현대자동차㈜","신입","일반면접 - 기계엔지니어","프로젝트를 진행하면서 갈등이나 어려운 점 없었나요?"
"현대자동차㈜","신입","일반면접 - 기계엔지니어","LPF 설계 팀원 몇 명이었고 무슨 역할이었나요?"
"현대자동차㈜","신입","일반면접 - 기계엔지니어","해석 결과가 사실 실제랑 corelation이 안 될 때가 많은데 실제로 검증해본 경험은 없나요?"
"현대자동차㈜","신입","일반면접 - 기계엔지니어","본인만의 스트레스 관리법이 있다면?"
"현대자동차㈜","신입","일반면접 - 기계엔지니어","유한요소 모델링을 해본적이 있는지? 있다면 그 과정은?"
"현대자동차㈜","신입","일반면접 - 기계엔지니어","프로젝트를 진행하며 어려웠던점은 무엇인가요?"
"현대자동차㈜","신입","일반면접 - 재무담당자","현대자동차 울산공장에 지원한 이유는 무엇인가요?"
"현대자동차㈜","신입","일반면접 - 재무담당자","회계 관련되어서 본인의 학습 수준은 어느 정도 될까요?"
"현대자동차㈜","신입","일반면접 - 재무담당자","근무지가 울산이 아니라 아산이나 전주로 로테이션될 수도 있는데 괜찮을까요?"
"현대자동차㈜","신입","일반면접 - 품질관리자","배터리 제조공정에서 가장 중요한 것은?"
"현대자동차㈜","신입","일반면접 - 품질관리자","출장이나 지방 근무가능한가요?"
"현대자동차㈜","신입","일반면접 - 품질관리자","전고체 배터리가 부피팽창이 이루어지지않는 이유는?"
"현대자동차㈜","신입","일반면접 - 품질관리자","존경하는 인물이 있나요?"
"현대자동차㈜","신입","일반면접 - 품질관리자","품질관리자로써 어떤 일을 해보고 싶은지?"
"현대자동차㈜","신입","일반면접 - 품질관리자","왜 품질 직무를 선택했는지?"
"현대자동차㈜","신입","일반면접 - 인사담당자","현대자동차에서 왜 근무하고 싶으세요?"
"현대자동차㈜","신입","일반면접 - 인사담당자","인사관리 업무에 대해서 알고 있는 것을 말씀해주세요."
"현대자동차㈜","신입","일반면접 - 인사담당자","노조에 대해서 본인은 어떻게 생각하나요?"
"현대자동차㈜","신입","일반면접 - 기계엔지니어","영어로 자기소개를 해보세요."
"현대자동차㈜","신입","일반면접 - 기계엔지니어","현대차의 수소산업, 넥쏘차량에 대해 아는 것 및 평가를 해보세요."
"현대자동차㈜","신입","일반면접 - 기계엔지니어","이력서에 기재된 수상내역을 처음부터 끝까지 설명해보세요."
"현대자동차㈜","신입","일반면접 - 현장관리자","해당 직무에 지원한 동기는?"
"현대자동차㈜","신입","일반면접 - 현장관리자","해당 직무에서 가장 중요한 것은?"
"현대자동차㈜","신입","일반면접 - R&D·연구원","본인의 전공 및 수행한 프로젝트에 대해 설명해보세요."
"현대자동차㈜","신입","일반면접 - R&D·연구원","현대자동차에서 본인에게 기대하는 것이 무엇일지 말해보세요."
"현대자동차㈜","신입","일반면접 - 기계엔지니어","재직 중임에도 지원한 이유는 무엇인가요?"
"현대자동차㈜","신입","일반면접 - 기계엔지니어","전공이 전자전기인데, 이전에 자동차에 대해 공부한 경험이 있나요?"
"현대자동차㈜","신입","일반면접 - 기계엔지니어","미래의 전장에는 어떤 기능이 있을 것 같다고 생각하나요?"
"현대자동차㈜","신입","일반면접 - 기계엔지니어","희망하는 직무가 제어 플랫폼 사양 평가 쪽인 것 같은데, 제어 로직 설계에는 관심이 있나요?"
"현대자동차㈜","신입","일반면접 - 품질관리자","상사가 아무것도 알려주지 않고 중요한 프로젝트를 맡겼다. 어떻게 하겠나요?"
"현대자동차㈜","신입","일반면접 - 품질관리자","자동차가 중간에 가다가 멈췄을때, 어떤것이 문제일까요?"
"현대자동차㈜","신입","일반면접 - 품질관리자","대외활동이 왜 없나요?"
"현대자동차㈜","인턴","일반면접 - 기계엔지니어","다른 회사 공채에도 지원했나요?"
"현대자동차㈜","인턴","일반면접 - 기계엔지니어","진행했던 프로젝트중 'OO프로젝트'의 구성인원과 역할을 설명해보세요."
"현대자동차㈜","인턴","일반면접 - 기계엔지니어","딥러닝을 수행하기 위해 굳이 로봇알고리즘 직무에 지원한 이유는 무엇인가요?"
"현대자동차㈜","신입","일반면접 - 품질관리자","일반기계기사 자격증은 왜 취득했나요?"
"현대자동차㈜","신입","일반면접 - 품질관리자","스마트 팩토리란 무엇인지 설명해보세요."
"현대자동차㈜","신입","일반면접 - 품질관리자","기하공차란 무엇인가요?"
"현대자동차㈜","신입","일반면접 - 품질관리자","마지막 할말 있으면 해보세요."
"현대자동차㈜","인턴","일반면접 - 품질관리자","생기 엔지니어로써 목표가 무엇인가요?"
"현대자동차㈜","인턴","일반면접 - 품질관리자","협력이 회사생활에서 왜 중요한가요?"
"현대자동차㈜","인턴","일반면접 - 품질관리자","현대자동차의 신사업은 무엇인가요?"
"현대자동차㈜","인턴","일반면접 - 품질관리자","RC 항공기 동아리 언제 했나요?"
"현대자동차㈜","신입","일반면접 - 기계엔지니어","간단한 자기소개 및 지원동기를 말해보세요."
"현대자동차㈜","신입","일반면접 - 기계엔지니어","대학생활 중 가장 몰입한 일은?"
"현대자동차㈜","신입","일반면접 - 기계엔지니어","최근 뉴스기사 중 가장 기억에 남는 기사는?"
"현대자동차㈜","신입","일반면접 - 인사담당자","인사 직무 희망 동기는 무엇인가요?"
"현대자동차㈜","신입","일반면접 - 인사담당자","주변사람들이 평가하는 본인은?"
"현대자동차㈜","신입","일반면접 - 인사담당자","본인의 장점은?"
"현대자동차㈜","신입","일반면접 - 품질관리자","직무 지원동기를 말해보세요."
"현대자동차㈜","신입","일반면접 - 품질관리자","회사 지원동기는 무엇인가요?"
"현대자동차㈜","신입","일반면접 - 품질관리자","입사후 포부는 무엇인가요?"
"현대자동차㈜","신입","일반면접 - 품질관리자","자소서에 써있는 전공과 관련된 단점 말고 다른 단점을 얘기해보세요."
"현대자동차㈜","신입","일반면접 - 품질관리자","운동을 자주 하는 것 같은데 공부는 평소 어떻게 하나요?"
"현대자동차㈜","신입","일반면접 - 품질관리자","보전에서 중요하다고 생각하는 것은 무엇입니까?"
"현대자동차㈜","신입","일반면접 - 기계엔지니어","최근에 본 영화는 무엇인가요?"
"현대자동차㈜","신입","일반면접 - 기계엔지니어","가장으로 써 가장 중요하다 생각되는 것은?"
"현대자동차㈜","신입","일반면접 - 기계엔지니어","회사에서 가장 중요하다 생각 되는 것은?"
"현대자동차㈜","신입","일반면접 - 기계엔지니어","금형 지원 이유는 무엇인가요?"
"현대자동차㈜","신입","일반면접 - 기계엔지니어","팀프로젝트를 하면서 다른 팀원이 낸 아이디어를 거절한 상황이 있었는가?"
"현대자동차㈜","신입","일반면접 - 기계엔지니어","새로운 아이디어를 주로 내는 편인가?"
"현대자동차㈜","신입","일반면접 - 기계엔지니어","전시까지 얼마남지 않은 상황에서 새로운 아이디어에 대해 어느정도 성공가능성을 생각한건가?"
"현대자동차㈜","신입","일반면접 - 인사담당자","지방에서 근무해야한다면 어느 공장에서 근무하고 싶습니까?"
"현대자동차㈜","신입","일반면접 - 인사담당자","친구들과의 서로 다른 의견을 조율해본 경험이 있습니까?"
"현대자동차㈜","신입","일반면접 - 인사담당자","전공과 다른 직무를 선택한 이유는 무엇입니까?"
"현대자동차㈜","신입","일반면접 - 품질관리자","PT면접) 현대자동차의 재해율에 대해 알고있는지?"
"현대자동차㈜","신입","일반면접 - 품질관리자","인성면접) 만약 모두가 하기 싫은 일을 하게 됐다면 어떻게 할 것인가?"
"현대자동차㈜","신입","일반면접 - 품질관리자","인성면접) 꼬리질문) 그런데도 동료가 도와주지 않는다면?"
"현대자동차㈜","신입","일반면접 - 영업지원","협력했던 경험은?"
"현대자동차㈜","신입","일반면접 - 영업지원","지방근무 괜찮은가요?"
"현대자동차㈜","신입","일반면접 - 영업지원","조직 내에서 변화를 시도한 경험?"
"현대자동차㈜","신입","일반면접 - 홍보","가장 열정적으로 했던 프로젝트 경험은 무엇인가?"
"현대자동차㈜","신입","일반면접 - 홍보","팀프로젝트를 하던 중 갈등을 겪었던 경험이 있나요?"
"현대자동차㈜","신입","일반면접 - 홍보","현대자동차가 개척하고 있는 신시장을 아는가?"
"현대자동차㈜","신입","일반면접 - 품질관리자","도전적인 목표를 세우고 or 도전적인 경험을 했던 프로젝트가 있나요?"
"현대자동차㈜","신입","일반면접 - 품질관리자","이 분야에 지원하게 된 계기가 무엇인지?"
"현대자동차㈜","신입","일반면접 - 품질관리자","본인은 OOO한 성격인 것 같은데 언제부터 이런 성격을 가지게 되었나요"
"현대자동차㈜","인턴","일반면접 - 품질관리자","도전적인 목표를 세우고 or 도전적인 경험을 했던 프로젝트가 있나요?"
"현대자동차㈜","인턴","일반면접 - 품질관리자","가동률이 무었인가요?"
"현대자동차㈜","인턴","일반면접 - 품질관리자","자동차 생산 과정에서의 구체적 설비를 아는지?"
"현대자동차㈜","신입","일반면접 - 품질관리자","1분자기소개"
"현대자동차㈜","신입","일반면접 - 품질관리자","미래의 꿈은 무엇이냐?"
"현대자동차㈜","신입","일반면접 - 품질관리자","현대자동차에서 개선하고자 하는점"
"현대자동차㈜","신입","역량면접 - 홍보","직무와 관련해서 본인의 역량을 증빙할 객관적인 자료가 있는가?"
"현대자동차㈜","신입","역량면접 - 홍보","단체 내에서 시스템 변화를 시도해 본 경험이 있는가?"
"현대자동차㈜","신입","역량면접 - 홍보","마지막으로 하고 싶은 말이 있는가?"
"현대자동차㈜","신입","인성면접 - 상품기획.MD","선택하지 않은 대안에 대해 선택하지 않은 이유를 말해보세요."
"현대자동차㈜","신입","인성면접 - 상품기획.MD","지금까지 살아오면서 협력한 경험을 말해보세요."
"현대자동차㈜","신입","PT면접 - R&D(연구개발)","(PT면접) 선택한 방안의 실현가능성을 말해보세요"
"현대자동차㈜","신입","역량면접 - 기계엔지니어","(직무역량) 2번째 대안은 발열이 높다는 단점이 있다. 이를 해결할 방안은 있는가?"
"현대자동차㈜","신입","역량면접 - 기계엔지니어","(직무역량) 제시된 문제를 해결하기 위한 3가지 대안 중 왜 2번째 대안을 선택하였는가?"
"현대자동차㈜","신입","역량면접 - 기계엔지니어","(핵심역량) 어떤 자동차에 관심이 있는가?"
"현대자동차㈜","신입","역량면접 - 기계엔지니어","(핵심역량) 어떤 조직이나 단체를 이끌어 본 경험이 있는가?"
"현대자동차㈜","신입","역량면접 - 기계엔지니어","(핵심역량) 친구가 다른 친구에게 소개한다고 했을 때, 당신을 한 단어로 뭐라고 소개하겠는가?"
"현대자동차㈜","신입","인성면접 - 인사/총무","가장 힘들었던 순간은 언제이고 어떻게 극복했나요?"
"현대자동차㈜","신입","인성면접 - 인사/총무","삶의 궁극적인 목표는 무엇인가요?"
"현대자동차㈜","신입","인성면접 - 연구개발","가장 도전적이었던 경험은 무엇이었나요?"
"현대자동차㈜","신입","인성면접 - 연구개발","구체적인 목표를 가지고 노력했던 경험을 자세히 말해보세요."
"현대자동차㈜","신입","인성면접 - 연구개발","성취를 위해 끊임없이 노력했던 경험이 있다면 얘기해보세요."
"현대자동차㈜","신입","인성면접 - 연구개발","여러 사람들과 협동해서 무언가를 해낸 경험이 있나요?"
"현대자동차㈜","신입","인성면접 - 연구개발","팀으로 계획을 세워 목표를 이룬 경험이 있나요?"
"현대자동차㈜","신입","인성면접 - 연구개발","프로젝트에서 주도적인 역할을 했던 경험을 말해보세요."
"현대자동차㈜","신입","인성면접 - 자동차정비","본인의 사수가 10년간 엔진오일교체일만 시킨다면 어떻게 할 것인가요?"
"현대자동차㈜","신입","인성면접 - 자동차정비","팀을 이뤄 했던 활동이 있습니까?"
"현대자동차㈜","신입","인성면접 - 품질","기사 자격증을 취득한 이유는 무엇입니까?"
"현대자동차㈜","신입","인성면접 - 품질","한전을 가지 않은 이유가 있습니까?"
"현대자동차㈜","신입","인성면접 - 생산관리/품질관리","창의성이란 무엇이라고 생각하나요?"
"현대자동차㈜","신입","일반면접 - 엔지니어링","현대의 이미지는 어떤가요?"
"현대자동차㈜","신입","일반면접 - 품질관리자","위기를 극복했던 경험"
"현대자동차㈜","신입","일반면접 - 품질관리자","거주지와 근무지가 멀다고 생각하는 데 근무를 잘 할 수 있겠는가"
"현대자동차㈜","신입","일반면접 - 품질관리자","현장에서 가장 중요한 것이 무엇이라고 생각하는가"
"현대자동차㈜","신입","인성면접 - 자동차설계","대한민국에서 올바르게 부자가 된 사람은 몇 퍼센트라고 생각하나요?"
"현대자동차㈜","신입","인성면접 - 자동차설계","대한민국의 가장 큰 문제점은 무엇이라고 생각하나요?"
"현대자동차㈜","신입","인성면접 - 자동차설계","마지막으로 하고 싶은 말이 있습니까?"
"현대자동차㈜","신입","인성면접 - 자동차설계","자동차에 대한 특별한 경험이 있습니까?"
"현대자동차㈜","신입","인성면접 - 플랜트","40대, 50대가 모바일 시스템을 잘 이해하지 못한다면 어떻게 해결 수 있을 것인가?"
"현대자동차㈜","신입","인성면접 - 플랜트","왜 그 안건을 지지했고, 그 단점에 대해 보완할 수 있는 점은 무엇입니까?"
"현대자동차㈜","신입","인성면접 - 플랜트","로또에 당첨된다면 어떤 기분이 들 것 같습니까?"
"현대자동차㈜","신입","인성면접 - 플랜트","마지막에 의견을 바꿨는데 바꾼 이유가 있습니까?"
"현대자동차㈜","신입","인성면접 - 플랜트","지방에서 근무를 할 수 있습니까?"
"현대자동차㈜","신입","인성면접 - 플랜트","지키기 힘들었던 규칙이 있습니까?"
"현대자동차㈜","신입","인성면접 - 플랜트","팀워크 활동하면서 본인이 맡았던 역할과 팀 프로젝트에 기여한 일은 무엇입니까?"
"현대자동차㈜","신입","인성면접 - 플랜트","팀워크를 이루었던 경험이 있습니까?"
"현대자동차㈜","신입","일반면접 - R&D(연구개발)","어떤 전공 지식이 설계에 적용이 될 수 있을까요?"
"현대자동차㈜","신입","일반면접 - R&D(연구개발)","왜 그 안건을 지지했고, 그 단점에 대해 보완할 수 있는 점은 무엇입니까?"
"현대자동차㈜","신입","일반면접 - R&D(연구개발)","왜 현대차에 지원한 이유는 무엇입니까?"
"현대자동차㈜","신입","일반면접 - R&D(연구개발)","자동차 관련된 실무 경험이 있나요?"
"현대자동차㈜","신입","일반면접 - R&D(연구개발)","현대차에 지원하게 된 동기를 말씀해주세요."
"현대자동차㈜","신입","일반면접 - R&D(연구개발)","현대차의 문제점이라고 생각하는 것은 무엇인가요?"
"현대자동차㈜","신입","인성면접 - 생산관리","품질 등급이 회사별로 어떻게 되는지 알고 있나요?"
"현대자동차㈜","신입","인성면접 - 생산관리","가격경쟁력 개선 방안은 무엇이라고 생각하나요?"
"현대자동차㈜","신입","인성면접 - 생산관리","친구들은 본인을 어떤 사람이라고 평가하나요?"
"현대자동차㈜","신입","인성면접 - 생산관리","팀 활동 중 기억에 남는 활동이 있습니까?"
"현대자동차㈜","신입","인성면접 - 생산관리","팀 활동으로 무슨 활동을 했습니까?"
"현대자동차㈜","신입","인성면접 - 생산관리","품질 개선 방안에 대한 본인의 의견을 말해보세요."
"현대자동차㈜","신입","인성면접 - 생산관리","품질이 필요하다고 생각하는 이유는 무엇입니까?"
"현대자동차㈜","신입","인성면접 - 생산관리","회사를 선택한 이유가 무엇입니까?"
"현대자동차㈜","인턴","인성면접 - 제품영업","본인이 최근 3년 동안 도전적인 목표를 세우고 실천했던 경험이 있는가?"
"현대자동차㈜","인턴","인성면접 - 제품영업","학창시절 팀 프로젝트로 무엇을 했고 어떤 역할을 했는가?"
"현대자동차㈜","신입","인성면접 - R&D(연구개발)","A회사를 다니면서 지원한 이유는 무엇인가요?"
"현대자동차㈜","신입","인성면접 - R&D(연구개발)","기사에서 나온 얘기 말고 직접 현대자동차를 운전하면서 느낀 장단점은 무엇인가요?"
"현대자동차㈜","신입","인성면접 - R&D(연구개발)","변속기를 다단화시킬 수 있는 방법 중에 본인이 창의적으로 생각해 본 해결 방안이 있습니까?"
"현대자동차㈜","신입","인성면접 - R&D(연구개발)","변속기의 단수가 많아지면 자동차에 생기는 문제점은 무엇인가요?"
"현대자동차㈜","신입","인성면접 - R&D(연구개발)","본인이 제시한 창의적인 대안과, 기존에 있던 대안과의 장단점을 말해보세요."
"현대자동차㈜","신입","인성면접 - R&D(연구개발)","오늘 면접이 안되면 받았던 것 모두 돌려줘야겠네요?"
"현대자동차㈜","신입","인성면접 - R&D(연구개발)","A회사의 장단점은 무엇인가요?"
"현대자동차㈜","신입","인성면접 - R&D(연구개발)","가장 도전적이었던 경험은 무엇입니까?"
"현대자동차㈜","신입","인성면접 - R&D(연구개발)","가장 힘들었던 경험을 말해보세요."
"현대자동차㈜","신입","인성면접 - R&D(연구개발)","갈등 상황이 있었나요?"
"현대자동차㈜","신입","인성면접 - R&D(연구개발)","그 회사를 선택한 이유가 무엇입니까?"
"현대자동차㈜","신입","인성면접 - R&D(연구개발)","그건 기사에서 나온 것 말고, 직접 현대자동차를 운전하면서 느낀 장단점은 무엇입니까?"
"현대자동차㈜","신입","인성면접 - R&D(연구개발)","글로벌 엔지니어의 꿈을 이루기 위해서 몇 년이 필요한가?"
"현대자동차㈜","신입","인성면접 - R&D(연구개발)","기업의 복리후생을 아십니까?"
"현대자동차㈜","신입","인성면접 - R&D(연구개발)","동아리 활동을 하며 가장 어려웠던 일과 가장 행복했던 일에 대해 말해보세요 ."
"현대자동차㈜","신입","인성면접 - R&D(연구개발)","마지막으로 어필하고 싶은 부분이 있다면 얘기해보세요."
"현대자동차㈜","신입","인성면접 - R&D(연구개발)","마지막으로 하고 싶은 말이 있습니까?"
"현대자동차㈜","신입","인성면접 - R&D(연구개발)","목표를 세워 노력한 경험이 있나요?"
"현대자동차㈜","신입","인성면접 - R&D(연구개발)","본인 의견이 소수에 속하는 의견일 때 어떻게 할 것입니까?"
"현대자동차㈜","신입","인성면접 - R&D(연구개발)","본인은 행복하다고 생각하나요?"
"현대자동차㈜","신입","인성면접 - R&D(연구개발)","본인의 성격 중 단점은 무엇인가요?"
"현대자동차㈜","신입","인성면접 - R&D(연구개발)","본인의 역할로 인한 결과는 어떻습니까?"
"현대자동차㈜","신입","인성면접 - R&D(연구개발)","본인의 전공과 지원 직무를 연결하여 보세요."
"현대자동차㈜","신입","인성면접 - R&D(연구개발)","선택한 직무를 위해 어떤 수업을 베웠습니까?"
"현대자동차㈜","신입","인성면접 - R&D(연구개발)","선택한 직무를 위해 어떤 수업을 수강했고 무엇을 배웠나요?"
"현대자동차㈜","신입","인성면접 - R&D(연구개발)","소통에서 가장 중요한 것은 무엇이낙요?"
"현대자동차㈜","신입","인성면접 - R&D(연구개발)","아침밥을 먹고 왔나요?"
"현대자동차㈜","신입","인성면접 - R&D(연구개발)","에어 서스펜션이 들어간 현대자동차의 차량을 말해보시오"
"현대자동차㈜","신입","인성면접 - R&D(연구개발)","인생에서 가장 도전적이었던 경험은 무엇입니까?"
"현대자동차㈜","신입","인성면접 - R&D(연구개발)","자기소개서에서 언급한 내용 외에 목표를 성취했던 경험이 있나요?"
"현대자동차㈜","신입","인성면접 - R&D(연구개발)","자주 조장을 맡는 편인가요?"
"현대자동차㈜","신입","인성면접 - R&D(연구개발)","전역후 무엇을 할 것인가요?"
"현대자동차㈜","신입","인성면접 - R&D(연구개발)","졸업하고 무엇을 할 것인가요?"
"현대자동차㈜","신입","인성면접 - R&D(연구개발)","졸업하고 무엇을 했나요?"
"현대자동차㈜","신입","인성면접 - R&D(연구개발)","중국어 공부를 한 이유와 어떻게 공부했는지 말해보세요."
"현대자동차㈜","신입","인성면접 - R&D(연구개발)","지원 동기가 무엇입니까?"
"현대자동차㈜","신입","인성면접 - R&D(연구개발)","지원동기를 말해보세요."
"현대자동차㈜","신입","인성면접 - R&D(연구개발)","취미가 무엇이고 취미를 가지게 된 계기가 있나요?"
"현대자동차㈜","신입","인성면접 - R&D(연구개발)","클러치 최적화 방안은 무엇이 있는지 말해보시오."
"현대자동차㈜","신입","인성면접 - R&D(연구개발)","팀 활동에서 갈등 상황이 있었나요?"
"현대자동차㈜","신입","인성면접 - R&D(연구개발)","팀원과 트러블이 있었던 경험이 있습니까?"
"현대자동차㈜","신입","인성면접 - R&D(연구개발)","팀으로 활동하면서 도전적인 경험을 이야기 해보세요."
"현대자동차㈜","신입","인성면접 - R&D(연구개발)","팀을 이루어 리더십을 발휘한 경험이 있나요?"
"현대자동차㈜","신입","인성면접 - R&D(연구개발)","팀 활동에 불화가 있는 경우 어떻게 해결하였나요?"
"현대자동차㈜","신입","인성면접 - R&D(연구개발)","평소에도 팀에서 본인이 조장을 맡는 편인가요?"
"현대자동차㈜","신입","인성면접 - R&D(연구개발)","품질 개선 방안에 대해 어떻게 생각합니까?"
"현대자동차㈜","신입","인성면접 - R&D(연구개발)","프로젝트를 했던 팀의 성격과 해결 과정을 말해보세요."
"현대자동차㈜","신입","인성면접 - R&D(연구개발)","행복합니까?"
"현대자동차㈜","신입","인성면접 - R&D(연구개발)","현대자동차 파워트레인의 장단점에 대해 말해보시오"
"현대자동차㈜","신입","인성면접 - R&D(연구개발)","현대자동차가 개발해야 할 기술은 무엇이라 생각하나요?"
"현대자동차㈜","신입","인성면접 - R&D(연구개발)","현대자동차의 강점과 약점이 무엇이라고 생각합니까?"
"현대자동차㈜","신입","인성면접 - R&D(연구개발)","현대자동차의 복리후생에 대해 아는 대로 말해보세요."
"현대자동차㈜","신입","인성면접 - R&D(연구개발)","현대파워텍과 현대자동차를 비교해보시오"
"현대자동차㈜","신입","인성면접 - R&D(연구개발)","A회사를 다니면서 지원한 이유는 무엇인가?"
"현대자동차㈜","신입","인성면접 - R&D(연구개발)","A회사의 장단점은 무엇인가?"
"현대자동차㈜","신입","인성면접 - 경영지원","국내영업에 지원한 이유가 무엇인가?"
"현대자동차㈜","신입","인성면접 - 경영지원","면접이 끝나면 누구에게 가장 감사할 것인가?"
"현대자동차㈜","신입","인성면접 - 경영지원","소통이 무엇이라고 생각하는지 말해보라."
"현대자동차㈜","신입","인성면접 - 경영지원","술에 대한 본인의 생각은 어떠한가?"
"현대자동차㈜","신입","인성면접 - 경영지원","여성 지원자로서 강점이 무엇이 있는가?"
"현대자동차㈜","신입","인성면접 - 경영지원","인턴하면서 가장 좋았던 점은 무엇인가?"
"현대자동차㈜","신입","인성면접 - 총무","구체적으로 담당하고 싶은 업무 파트가 있나요?"
"현대자동차㈜","신입","인성면접 - 총무","본인은 따라가는 스타일인가요? 아니면 주도하는 스타일인가요?"
"현대자동차㈜","신입","인성면접 - 총무","본인을 가장 잘 표현해 내는 단어는 어떤 것입니까?"
"현대자동차㈜","신입","인성면접 - 총무","타인은 OOO씨를 어떤 식으로 말하나요? 가장 맘에 드는 별명이 있습니까?"
"현대자동차㈜","신입","인성면접 - 총무","팀에 들어가서 팀워크를 보여주었던 사례가 있으면 설명을 해 주세요."
"현대자동차㈜","신입","인성면접 - 생산관리","가격 경쟁력 개선 방안에 대한 본인의 의견은 무엇입니까?"
"현대자동차㈜","신입","인성면접 - 생산관리","그 회사를 선택한 이유가 무엇입니까?"
"현대자동차㈜","신입","인성면접 - 생산관리","팀을 위해 희생한 경험이 있습니까?"
"현대자동차㈜","신입","인성면접 - 생산관리","팀 프로젝트를 한 경험이 있습니까?"
"현대자동차㈜","신입","인성면접 - 생산관리","품질 개선 방안에 대해 어떻게 생각합니까?"
"현대자동차㈜","신입","인성면접 - 생산관리","품질 등급이 회사별로 어떻게 되는지 압니까?"
"현대자동차㈜","신입","인성면접 - 생산관리","품질이 필요한 이유와 그렇게 생각하는 이유는 무엇입니까?"
"현대자동차㈜","신입","일반면접 - 경영지원","술에 대한 본인의 생각은 어떠한가요?"
"현대자동차㈜","신입","일반면접 - 경영지원","면접이 끝나면 누구에게 가장 감사할 것 같나요?"
"현대자동차㈜","신입","일반면접 - 경영지원","소통이 무엇이라고 생각하는지 말해보세요"
"현대자동차㈜","신입","일반면접 - 경영지원","여성 지원자로서 강점이 무엇이 있는가?"
"현대자동차㈜","신입","일반면접 - 경영지원","인턴하면서 가장 좋았던 점은 무엇인가요?"
"현대자동차㈜","신입","임원면접 - 플랜트","팀에서 남들보다 더 노력한 점이 무엇이라고 생각합니까? 그 중 자신은 기여도는 어떠합니까?"
"현대자동차㈜","신입","임원면접 - 플랜트","팀원 중에서 자신의 역할은 무엇이었는지와 팀원들을 평가해보시오."
"현대자동차㈜","신입","임원면접 - 플랜트","각자가 선택한 대안에는 단점이 있는데, 단점 극복을 어떻게 할 건가요?"
"현대자동차㈜","신입","임원면접 - 플랜트","많은 사람들과 함께 경험한 것에 대해 설명해보시오"
"현대자동차㈜","신입","임원면접 - 플랜트","본인의 의견이 맞다고 생각하는 이유를 말해보시오"
"현대자동차㈜","신입","임원면접 - 플랜트","본인이 선택한 단점에 대한 극복방안을 말해보시오."
"현대자동차㈜","신입","임원면접 - 플랜트","인생을 살면서 특별한 경험이 있나요?"
"현대자동차㈜","신입","임원면접 - 플랜트","지방에서 근무하면 외롭고 힘들 때가 있을 텐데, 괜찮은가?"
"현대자동차㈜","신입","임원면접 - 플랜트","팀 프로젝트 경험을 말해보시오."
"현대자동차㈜","신입","임원면접 - 플랜트","학점이 낮은데, 이유가 무엇입니까?"
"현대자동차㈜","신입","임원면접 - 플랜트","학창 시절 중 팀을 이루어서 무언가를 성취한 경험이 있나요?"
"현대자동차㈜","신입","임원면접 - 플랜트","한국사를 딴 이유가 무엇입니까?"
"현대자동차㈜","신입","인성면접 - 생산기술","다른 사람을 도와준 적이 있습니까?"
"현대자동차㈜","신입","인성면접 - 생산기술","도전을 해본 경험이 있습니까?"
"현대자동차㈜","신입","인성면접 - 생산기술","살면서 어떤 도전을 하였습니까?"
"현대자동차㈜","신입","인성면접 - 생산기술","알바를 하며 힘들었던 경험이 있습니까?"
"현대자동차㈜","신입","인성면접 - 생산기술","편의점 알바에서 가장 힘들었던 점이 무엇입니까?"
"현대자동차㈜","신입","인성면접 - 생산기술","일하고 싶은 파트가 있습니까?"
"현대자동차㈜","신입","인성면접 - 생산기술","학과주점 운영을 했던 경험을 말해보세요."
"현대자동차㈜","신입","인성면접 - 생산기술","한화L&C가 주최한 ~교육에서 3등을 할 수 있었던 이유가 무엇이라고 생각합니까?"
"현대자동차㈜","신입","인성면접 - 품질","What do you think about this sentence? ""Practice make perfect"""
"현대자동차㈜","신입","인성면접 - 품질","가장 열정적으로 진행한 일이 있습니까?"
"현대자동차㈜","신입","인성면접 - 품질","본인이 가장 열정적으로 진행한 일은 무엇이었나요?"
"현대자동차㈜","신입","인성면접 - 품질","토론 주제에서 의견을 바꾼 특별한 이유가 있습니까?"
"현대자동차㈜","신입","인성면접 - 품질","프로젝트 경험 중 제일 인상 깊었던 것이 무엇입니까?"
"현대자동차㈜","신입","인성면접 - 품질","Do you have an experiance at very cold region?"
"현대자동차㈜","신입","인성면접 - 자재구매","본인의 대답에서 해당 방안의 단점은 무엇이라고 생각하나요?"
"현대자동차㈜","신입","인성면접 - 자재구매","조직의 목표를 위해서 헌신한 경험이 있나요?"
"현대자동차㈜","신입","인성면접 - 자재구매","팀의 목표를 위해 자신이 주도적으로 활동한 것은 무엇입니까?"
"현대자동차㈜","신입","인성면접 - 자재구매","프리미엄 자동차에서 가장 중요하다고 생각하는 것은 무엇인가요?"
"현대자동차㈜","신입","인성면접 - 자재구매","현대자동차를 지원한 이유가 있습니까?"
"현대자동차㈜","신입","인성면접 - 해외영업","타인과 갈등을 빚었던 경험이 있습니까?"
"현대자동차㈜","신입","인성면접 - 해외영업","팀으로 활동한 경험 중 가장 성실히 임했던 경험은 무엇입니까?"
"현대자동차㈜","신입","일반면접 - 품질관리","기하공차에 대해 설명해보시오"
"현대자동차㈜","신입","일반면접 - R&D(연구개발)","팀원의욕 저하를 해결하는 방법이 있나요?"
"현대자동차㈜","신입","일반면접 - 생산관리","상사가 틀린 주장을 옳다고 주장한다면 어떻게 할 건가요?"
"현대자동차㈜","신입","일반면접 - 생산관리","상사가 틀린 주장을 옳다고 주장한다면 어떻게 할 것인가"
"현대자동차㈜","신입","일반면접 - 생산관리","울산에 살면서 현대자동차 다니는 사람을 보면 어떤가요?"
"현대자동차㈜","신입","일반면접 - 생산관리","울산에 살면서 현대자동차 다니는 사람을 보면 어떻습니까?"
"현대자동차㈜","신입","일반면접 - 품질","그랜져 하이브리드 차량에 장착된 모터 타입은 무엇입니까?"
"현대자동차㈜","신입","일반면접 - 플랜트","대외활동을 해본 경험이 있나요?"
"현대자동차㈜","신입","일반면접 - 플랜트","팀프로젝트를 진행한 경험이 있나요?"
"현대자동차㈜","신입","일반면접 - 플랜트","팀프로젝트를 진행한 경험이 있습니까?"
"현대자동차㈜","신입","일반면접 - 연구개발","당신이 생각하는 정의란 무엇인가?"
"현대자동차㈜","신입","일반면접 - 연구개발","이들을 타이르는 것은 정의이고, 그렇지 않는 것은 정의가 아닌데, 이 상황에서 어떻게 할 것인가?"
"현대자동차㈜","신입","일반면접 - 연구개발","회사에서 귀하에게 7,000만원이라는 연봉을 지급하면, 당신은 회사를 위해 무엇을 할 것인가?"
"현대자동차㈜","신입","일반면접 - 경영-사무","본인이 공공기관에 비해 사기업에 어울린다고 생각하는 이유를 설명하시오."
"현대자동차㈜","신입","일반면접 - 경영-사무","현재 현대자동차의 문제점은 무엇이고, 그것을 해결할 수 있는 방안은 무엇인가?"
"현대자동차㈜","신입","일반면접 - 생산-제조","덩치 큰 고등학생 2명이 골목길에서 담배를 피우는데, 본인이라면 어떻게 할 것인가?"
"현대자동차㈜","신입","일반면접 - 전문직","단점을 말해보라."
"현대자동차㈜","신입","일반면접","마지막으로 하고 싶은말은 무엇인가?"
"현대자동차㈜","신입","일반면접","열정적으로 어떤 일에 도전했던 경험에 대해 설명하시오."
"현대자동차㈜","신입","일반면접","팀 내에서 본인의 역할이 무엇이었느는지 설명하시오."
"현대자동차㈜","신입","일반면접","평소 친구들이 본인을 어떻게 평가하는지 설명하시오."
"현대자동차㈜","신입","일반면접","졸업 후 공백기간에 무얼 했는가?"
"현대자동차㈜","신입","일반면접","졸업후 공백기간에 무얼 했는지"
"현대자동차㈜","신입","일반면접 - 연구개발","친구들간의 다툼이 있을때 중간에서의 본인의 해결책은 무엇인가요?"
"현대자동차㈜","신입","일반면접 - 연구개발","친구들간의 다툼이 있을때 중간에서의 나의 해결책은 무엇인가?"
"현대자동차㈜","신입","일반면접","전공과 관련하여 수행한 프로젝트가 있는가?"
"현대자동차㈜","신입","인성면접 - 연구개발","전공과 관련하여 수행한 프로젝트가 있는가?"
"현대자동차㈜","신입","일반면접 - 영업","공대전공이지만 영업직을 선택한 이유는 무엇입니까?"
"현대자동차㈜","신입","PT면접 - 연구개발","가솔린 기관과 디젤 기관의 차이를 3가지 기준으로 말헤보시오"
"현대자동차㈜","신입","일반면접 - 설계","현대자동차에 지원한 이유는 무엇인가"
"현대자동차㈜","신입","일반면접","팀원끼리 의견이 안 맞고 부딪힌적 있는가? 있다면 어떻게 해결했는가?"
"현대자동차㈜","신입","일반면접","팀원끼리 의견이 안 맞고 부딪힌적?어떻게 해결했는지?"
"현대자동차㈜","신입","일반면접 - 플랜트기술","공대에서 여학우로 살아남은 본인의 강점은 무엇이라고 생각하나요?"
"현대자동차㈜","신입","일반면접 - 플랜트기술","공대에서 여학우로 살아남은 본인의 강점은 무엇이라고 생각하는가"
"현대자동차㈜","신입","일반면접 - 플랜트기술","인생의 전환점이 있는가?"
"현대자동차㈜","신입","일반면접 - 플랜트기술","현대자동차만의 장점이 있는가?"
"현대자동차㈜","신입","일반면접 - 생산기술","사람들과 트러블이 생긴적이 있습니까?"
"현대자동차㈜","신입","일반면접 - 생산관리","자동차가 점점 전자화되어가는 추세에서 단점을 말해보시오"
"현대자동차㈜","신입","일반면접","오랫동안 해온 것 중에서 가장 의미 있는 것은 무엇인가?"
"현대자동차㈜","신입","일반면접","이공계열 전공인데 왜 영업직을 지원했는가?"
"현대자동차㈜","신입","일반면접","10년 뒤 자기 모습을 말해보시오."
"현대자동차㈜","신입","일반면접","20대가 가기 전 꼭 하고 싶은 일을 선착순으로 10초 내로 대답하라."
"현대자동차㈜","신입","일반면접","골프공의 표면에 요철이 있는데, 왜 있는 것인가?"
"현대자동차㈜","신입","일반면접","노무현 대통령의 장단점과 자신을 연관시켜 말해보시오."
"현대자동차㈜","신입","일반면접","다른 회사에 지원하였는가?"
"현대자동차㈜","신입","일반면접","독창적인 아이디어를 낸 경험은 무엇인가?"
"현대자동차㈜","신입","일반면접","디젤엔진에서 진동소음을 줄이는 방법은?"
"현대자동차㈜","신입","일반면접","디젤엔진에서 N0X를 줄이는 방법은?"
"현대자동차㈜","신입","일반면접","무슨 일을 시작하기 전에 준비를 많이 하는 편인가?"
"현대자동차㈜","신입","일반면접","바이오 산업이 앞으로 전망있다고 생각하는가?"
"현대자동차㈜","신입","일반면접","본인이 가장 도전적으로 임했던 일은 무엇인가?"
"현대자동차㈜","신입","일반면접","본인이 했던 실패 경험은 무엇인가?"
"현대자동차㈜","신입","일반면접","성격이 내성적인데, 어떻게 극복할 것인가?"
"현대자동차㈜","신입","일반면접","소나타 NF 디자인 및 인테리어가 마음에 드는지 의견을 영어로 밝히시오."
"현대자동차㈜","신입","일반면접","승용차, SUV, RV등 종류가 많은데, 각각을 정의해봐라."
"현대자동차㈜","신입","일반면접","앞으로 어떤 자동차를 만들면 잘 팔리겠는가?"
"현대자동차㈜","신입","일반면접","양극화에 대해 말해보시오."
"현대자동차㈜","신입","일반면접","오늘 아침에 어떻게 시험장에 왔는지 영어로 답하시오."
"현대자동차㈜","신입","일반면접","외제차가 급속도로 늘어나고 있는것에 대해 어떻게 생각하는가?"
"현대자동차㈜","신입","일반면접","우리나라에선 어떤 차가 가장 적합하다고 생각하는가?"
"현대자동차㈜","신입","일반면접","원자력을 사용하는 것에 대해 어떻게 생각하는가?"
"현대자동차㈜","신입","일반면접","주말에 무엇을 할 계획인지 영어로 설명하시오."
"현대자동차㈜","신입","일반면접","지원한 곳과 다른 지역에서 근무해도 괜찮은가?"
"현대자동차㈜","신입","일반면접","팀 활동에서 맡은 역할은 무엇인가?"
"현대자동차㈜","신입","일반면접","학점이 낮은데 왜 그런가?"
"현대자동차㈜","신입","일반면접","핸드폰 보급률이 우리나라가 높은 이유는 뭐라고 생각하는가?"
"현대자동차㈜","신입","일반면접","현기차 중 하나를 골라 대외에서 보는 기업이미지를 말해보시오."
"현대자동차㈜","신입","일반면접","현기차가 할 수 있는 부의 분배에 대해 말해보시오."
"현대자동차㈜","신입","일반면접","IQS에 대해 말해보시오."
"현대자동차㈜","신입","일반면접 - 품질","품질경영팀에서 경험 및 가지고있는 능력을 가지고 본인이 잘 할 수 있는 구체적인 이유를 말해보시오"
"현대자동차㈜","신입","일반면접 - 품질","품질경영팀에서 경험 및 가지고있는 능력을 가지고 자신이 잘 할 수 있는 구체적인 이유를 말해보시오"
"현대자동차㈜","신입","인성면접 - 연구개발","자신의 단점은 무엇인가?"
"현대자동차㈜","신입","임원면접 - 생산기술직","앞으로 10년후의 자신의 모습에 대해서 이야기 해보세요?"
"현대자동차㈜","신입","임원면접","가장 치근에 읽었던 책을 영어로?"
"현대자동차㈜","신입","일반면접 - 생산관리","여자친구있습니까?"
"현대자동차㈜","신입","인성면접 - 플랜트운영","자신이 살아오면서 실패한 경험은 어떤것이 있나요"
"현대자동차㈜","신입","인성면접 - 플랜트운영","팀프로젝트를 할때 부당하게 많은 과제를 부여 받은 적이 있나요 있다면 어떻게 대처했고 그때의 생각은 어땠나요"
"현대자동차㈜","신입","인성면접 - 플랜트운영","학교 또는 단체에서 협력을 통해서 주어진 과제를 해결한 예는 어떤것들이 있나요"
"현대자동차㈜","신입","PT면접","실험 내용에 대한 질문"
"현대자동차㈜","신입","PT면접","100초 간 자기소개를 해보세요"
"현대자동차㈜","신입","PT면접","제품 판매 전략은?"
"현대자동차㈜","경력무관","일반면접 - 연구개발","가족들과 밥은 얼마나 자주 같이 먹는가? 영어로 말해보세요"
"현대자동차㈜","경력무관","일반면접 - 연구개발","우리나라에 거주하는 해외 인력에 대해 어떻게 생각하는가? 영어로 말해보세요"
"현대자동차㈜","경력무관","일반면접 - 연구개발","저녁 메뉴로 주로 무엇을 먹는지 영어로 말해보세요"
"현대자동차㈜","경력무관","일반면접 - 연구개발","지금 느낌을 영어로 말해보세요"
"현대자동차㈜","경력무관","일반면접 - 재료과","자주 가는 음식점에 대해 영어로 설명해보세요"
"현대자동차㈜","경력무관","일반면접 - 재료과","재료를 강화시키는 방법 3가지 이상 발표하고 예를 들어보세요 만약 어떤 재료가 고온에 계속 노출되는 재료라면 그 강화방법 중 어떤 것을 고를 것인지 발표해보세요"
"현대자동차㈜","경력무관","일반면접 - 재료과","해결해야 할 문제가 있는데 상사와 의견이 다를 경우 어떻게 의견을 조율하겠는가?"
"현대자동차㈜","경력무관","일반면접 - 재료과","회사에 상담하는 곳이 생긴다면 이용하겠는가?"
"현대자동차㈜","경력무관","일반면접 - 재료과","hall-patch 방정식을 설명하고 결정립이 작아짐에 따라 강도가 어떻게 되는지 발표해보세요"
"현대자동차㈜","경력무관","일반면접 - 플랜트운영","가장 영향력 있다고 생각하는 연예인은 누구인가? 그 사람이 나오는 프로그램 중 본인이 가장 좋아하는 것을 영어로 설명해보세요"
"현대자동차㈜","경력무관","일반면접 - 플랜트운영","가장 좋아하는 음식은 무엇인가? 주로 언제 먹는지 영어로 설명해보세요"
"현대자동차㈜","경력무관","일반면접 - 플랜트운영","사람들이 일기를 쓰는 이유를 무엇이라 생각하는가? 영어로 말해보세요"
"현대자동차㈜","경력무관","일반면접 - R&D","규칙을 깨본 적이 있는가?"
"현대자동차㈜","경력무관","일반면접 - R&D","리더가 될 때 추천방식이었나? 경쟁방식이었나?"
"현대자동차㈜","경력무관","일반면접 - R&D","마지막으로 이라고 싶은 부서는 어디인가?"
"현대자동차㈜","경력무관","일반면접 - R&D","본인이 현대차에서 발휘할 수 있는 강점을 말해보세요"
"현대자동차㈜","경력무관","일반면접 - R&D","살면서 가장 힘들었던 적은 언제인가?"
"현대자동차㈜","경력무관","일반면접 - R&D","자기소개서에 있는 내용이 아닌 리더가 되었던 경험이 있는가?"
"현대자동차㈜","경력무관","일반면접 - R&D","자동차에 쓰일 수 있는 통신은 무엇인가?"
"현대자동차㈜","경력무관","일반면접 - R&D","자동차에 자신의 전공분야를 어떻게 적용할 수 있는가?"
"현대자동차㈜","경력무관","일반면접 - R&D","처음 차를 사는 사람에서 어떤 차를 추천해주고 싶은지 영어로 말해보세요"
"현대자동차㈜","경력무관","일반면접 - R&D","학부때 도전해서 얻은 것이 있는가?"
"네이버","인턴","일반면접 - 웹개발자","피보나치 수열을 구하는 코드를 짜주세요."
"네이버","인턴","일반면접 - 웹개발자","숫자 단위마다 ,를 찍는 것을 구현해주세요."
"네이버","인턴","일반면접 - 웹개발자","팀 프로젝트를 진행하면서 어려웠던 점은 무엇인가요."
"네이버","신입","일반면접 - 웹개발자","진행했던 프로젝트에서 서버 스팩은 어떻게 되나요?"
"네이버","신입","일반면접 - 웹개발자","총 길이가 A m(미터)인 재료를 가지고 동물 두 종을 가둘 수 있는 울타리를 지으려고 할 때, 면적이 최대가 하려면 어떻게 해야하는가?"
"네이버","신입","일반면접 - 웹개발자","회문 판별 알고리즘을 작성해주세요."
"네이버","신입","일반면접 - 앱개발자","기술을 공부할 때 어떤식으로 공부하나요?"
"네이버","신입","일반면접 - 앱개발자","프로세스와 스레드의 차이를 설명해보세요,"
"네이버","신입","일반면접 - 앱개발자","왜 CONTEXT SWITCHING 작업이 오래걸리나요?"
"네이버","신입","일반면접 - 앱개발자","기술을 공부할 때 어떤식으로 공부하나요?"
"네이버","신입","일반면접 - 앱개발자","프로세스와 스레드의 차이는?"
"네이버","신입","일반면접 - 앱개발자","왜 CONTEXT SWITCHING 작업이 오래걸리나요?"
"네이버","신입","일반면접 - 앱개발자","n명 참가 토너먼트 경기에서 총 몇번의 경기를 해야하는지, 우승하려면 몇판이겨야 하는지 공식을 구해보세요."
"네이버","신입","일반면접 - 앱개발자","러시안 룰렛6칸의 총 구멍에서 연속해서 2발의 총알을 장전했다. 상대편이 먼저 1판을 시도하여 생존했을때, 내가 생존하려면 바로 게임을 시도하는것이 유리한가, 총알을 회전시켜 무작위로 바꾸는것이 생존에 유리한가?"
"네이버","신입","일반면접 - 앱개발자","퀵정렬의 시간복잡도는 어떤지 설명해 보세요."
"네이버","신입","일반면접 - 소프트웨어개발자","100!의 끝자리에 0은 몇개나오는가?"
"네이버","신입","일반면접 - 소프트웨어개발자","12명의 사람이 전부 악수하는 경우의수는 몇가지인가?"
"네이버","신입","일반면접 - 소프트웨어개발자","그릇2개에 흰공 50개,빨간공50개를 마음대로 넣고 랜덤으로 그릇을 골라 공을 뽑았을때 흰공이 뽑힐 활률이 가장 큰 최적비율은?"
"네이버","신입","일반면접 - 앱개발자","딥러닝으로 뭔가를 분류해주는 플랫폼을 만들건데 서비스할때 여러사람들이 그 플랫폼에 접근해서 이용하는 구조로 만들려면 어떻게 서비스 해야되나요?"
"네이버","신입","일반면접 - 앱개발자","자바 string과 string builder 그리고 string buffer차이점을 말해보세요."
"네이버","신입","일반면접 - 앱개발자","두사람이 손가락을 이용해서 표현할수 있는 숫자의 경우의수는?"
"네이버","신입","일반면접 - 웹개발자","인트라넷 경험이 있으시네요?"
"네이버","신입","일반면접 - 웹개발자","정렬을 손으로 코딩해보세요"
"네이버","신입","일반면접 - 웹개발자","스프링의 aop와 ioc에 대해 설명해주세요"
"네이버","신입","인성면접 - 인사","네이버에서 인사팀이 무슨 역할을 할 수 있는가?"
"네이버","신입","인성면접 - 인사","삶의 철학은 무엇인가?"
"네이버","신입","인성면접 - 인사","왜 네이버에 지원했는가?"
"네이버","신입","인성면접 - 인사","IT에 관심이 많은가?"
"네이버","신입","인성면접 - 인사","네이버에 입사하면 무슨 일이 가장 하고 싶은가?"
"네이버","신입","인성면접 - 인사","네이버에서 시행 중인 인사 제도 중에 마음에 드는 게 무엇인가? 그리고 그 제도의 장점과 단점에 대해 설명해보시오."
"네이버","신입","인성면접 - 인사","네이버에서 지원한 직무를 수행하는 것이 본인에게는 어떤 의미인가?"
"네이버","신입","인성면접 - 인사","성격의 장단점을 이야기하시오."
"네이버","신입","인성면접 - 인사","왜 네이버에 지원했는가? IT에 관심이 많은가?"
"네이버","신입","인성면접 - 인사","인사 중에서도 어느 부분을 담당하고 싶은가?"
"네이버","신입","인성면접 - 인사","전공이 지원한 직무와 관련이 없는데, 왜 지원하였는가?"
"네이버","신입","인성면접 - 인사","직무를 위해 준비한 것에는 무엇이 있는지 말하시오."
"네이버","신입","인성면접 - 인사","채용, 인사기획 등 여러 업무가 있는데, 왜 하고 싶은가?"
"네이버","신입","인성면접 - 인사","취미는 무엇인가?"
"네이버","신입","인성면접 - 인사","학교를 다니고 있는 상태인가? 아니면, 수료 상태인 것인가?"
"네이버","신입","일반면접 - 앱개발자","HTTP의 Keep/Alive에 대해 설명하세요"
"네이버","신입","일반면접 - 앱개발자","REST에 대해 설명하세요"
"네이버","신입","인성면접 - 서비스 기획","봉사활동 경력에 대해 설명해 보시오."
"네이버","신입","인성면접 - 홍보","가장 자주 이용하는 네이버 서비스는 무엇인가?"
"네이버","신입","인성면접 - 홍보","어떤 매체가 중요하다고 생각하는가?"
"네이버","신입","인성면접 - 홍보","홍보업무를 수행하는데 있어 가장 중요한 역량은 무엇이라고 생각하는가?"
"네이버","신입","일반면접 - SW개발","프로젝트를 진행해야 하는데 성능 감소를 최소화 하기 위해선 어떻게 설계할 것인가?"
"네이버","신입","인성면접 - IT-인터넷","선배와 후배 중 더 일하기 편한 그룹은?"
"네이버","신입","인성면접 - 재무","나는 입사하여 어떻게 할건지?"
"네이버","신입","인성면접 - 재무","본인이 IT에 관심이 있으신 분은 본인 얘기해주세요?"
"네이버","신입","인성면접 - 재무","인턴을 하며 느낀 점을 말씀해주세요."
"네이버","신입","인성면접 - 재무","입사 후 포부? 직장인으로서 가져야 할 가치관?에 대해 영어 혹은 본인이 자신 있는 언어로 3~4문장 수준으로 대답해주세요."
"네이버","신입","인성면접 - 재무","재무 직무가 어떤 직무인지, 네이버 재무팀은 어떤 일을 하는지?"
"네이버","신입","일반면접 - 검색플랫폼개발","5천만명의 회원을 수용할 수 있는 서버 및 데이터베이스 수 계산"
"네이버","신입","일반면접 - 검색플랫폼개발","자기소개"
"네이버","신입","일반면접 - 검색플랫폼개발","퀵소트 짜기"
"네이버","신입","일반면접 - 검색플랫폼개발","UTF-8 해당하는 언어셋의 문자열수를 계산하는 함수 짜기"
"네이버","신입","인성면접 - 기획전략경영","OO서비스 많이 이용해 보셨나요? (네이버 자사 서비스)"
"네이버","신입","일반면접 - IT-인터넷","10000원을 실제로 표시할 때는 10,000원으로 ,을 넣어 구분하는데 그 것을 출력하는 로직 만들기"
"네이버","신입","일반면접 - IT-인터넷","10년뒤에 사용될 서비스 기획"
"네이버","신입","일반면접 - IT-인터넷","다른 곳에도 있는 서비스 아닌가?"
"네이버","신입","일반면접 - IT-인터넷","서비스 타깃의 폭이 좁지 않은가?"
"네이버","신입","일반면접 - IT-인터넷","최소비용 신장트리를 구하는 방법은?"
"네이버","신입","일반면접 - IT-인터넷","C언어의 프로세스 공간에 대해 설명하시오"
"네이버","신입","인성면접 - 서비스","앞으로 네이버가 나아갈 방향은?"
"네이버","신입","인성면접 - 서비스","어떻게 외부 컨텐츠 공급자로부터 협력을 얻을 것인가? 그들에게 줄 수 있는 이점이 있는가?"
"네이버","신입","인성면접 - 서비스","왜 네이버에 지원했는가?"
"네이버","신입","인성면접 - 서비스","이용해본 네이버 서비스와 개선해야 할 점은?"
"네이버","인턴","임원면접 - 사진촬영","본인은 사진촬영이 잘 어울리나요 아니면 스튜디오 관리가 잘 어울리나요?"
"네이버","신입","일반면접 - 네이버비즈니스플랫폼/IT개발","네이버의 상황을 SWOT툴을 사용하여 분석해보시오"
"네이버","신입","일반면접 - 네이버비즈니스플랫폼/IT개발","자신의 어떤 점이 이 직무에 도움이 될 것이라 생각하는가"
"네이버","신입","일반면접 - 네이버비즈니스플랫폼/IT개발","지원동기"
"네이버","신입","인성면접 - 경영-사무","석사 논문에 대해 설명해달라 (기타 통계방법론 등)"
"네이버","신입","인성면접 - 경영-사무","영어 외에 할 줄 아는 제2외국어 있는가?"
"네이버","신입","인성면접 - 경영-사무","이 부서에 들어와서 이 업무를 하고 싶은 이유가 무엇인가?"
"네이버","신입","인성면접 - 경영-사무","현재 다른 회사에서 인턴을 하고 있는데, 만약 우리 회사 채용에 떨어지면 어떡하나?"
"네이버","인턴","인성면접 - 기업문화","본인이 가장 잘하는 것과 못하는 것이 무엇입니까"
"네이버","신입","일반면접 - 비서","직장상사와 의견충돌이 발생하였을 경우, 어떻게 해결할것인가?"
"네이버","신입","인성면접 - IT-인터넷","기획에서 내려온 내용이 맘에 들지 않는다면 개발자의 입장에서 어떻게 처리할 것인가?"
"네이버","신입","인성면접 - IT-인터넷","네이버에서 가장 불편하다고 느끼던 서비스가 무엇이며 그 이유는 무엇인가?"
"네이버","신입","일반면접 - IT-인터넷","100! = 100 * 99 * ... * 2 * 1 = xx…x00..0 = xx…x * 10^n 이 때 n의 값은?"
"네이버","신입","일반면접 - IT-인터넷","지원직종에 해당하는 서비스 개선안 제시"
"네이버","신입","일반면접 - IT-인터넷","직전회사를 그만두고 네이버를 지원한 이유는?"
"네이버","신입","임원면접 - 컨덴츠운영","네이버에 대해 어떻게 생각하는가? / 취미,특기,기술,성격등../자주보는 네이버 웹툰은? / 봉사활동의 좋은점은"
"네이버","신입","인성면접","경영지원직에 지원을 한 동기를 말해보세요."
"네이버","인턴","임원면접 - 교육지원팀","본인의 인생에 있어서 터닝포인트가 되었던 것은 무엇인가"
"네이버","인턴","임원면접 - 마케팅팀","가장 좋아하는 브랜드가 무엇인가?"
"네이버","신입","일반면접 - business platform","광고 공모전 수상 경험이 많은데 광고 분야로 취직 안 하고 NBP를 선택한 이유는 무엇인가?"
"네이버","신입","일반면접 - business platform","마지막으로 하고 싶은 말을 해보세요"
"네이버","신입","일반면접 - business platform","인턴을 통해 배운 것을 구체적으로 말해보세요"
"네이버","신입","일반면접 - business platform","NBP에 들어와서 어떤 일을 하고 싶은가? 그걸 할 수 있다고 증명할 수 있는 경험을 이야기해 보세요"
"네이버","신입","일반면접 - business platform","NHN 지식쇼핑에서 일하는 것은 어떻게 생각하는가?"
"네이버","신입","일반면접 - 인턴","경력이 있는데 경력을 무시하고 인턴쉽이 가능하겠는가?"
"네이버","신입","일반면접 - 인턴","라그나로크의 성공 요인이 무엇이라 생각하는가?"
"네이버","신입","일반면접 - 인턴","마지막으로 하고싶은 말을 해보세요"
"네이버","신입","일반면접 - 인턴","소셜 네트워크게임으로 테라를 만든다고 하였는데 정확히 어떻게 구현 되는지 말해보세요"
"네이버","신입","일반면접 - 인턴","테라가 20레벨이 넘어가면 대형 몬스터로 인해 조작이 어려워 지는데 모바일로 구현 가능한가?"
"네이버","신입","일반면접 - 인턴","테라는 몇 레벨까지 올려봤는가?"
"네이버","인턴","일반면접","입사하게 된다면 하고 싶은 업무가 무엇인가?"
"네이버","인턴","일반면접","전 직장에서 하던 업무가 무엇인가?"
"네이버","인턴","일반면접","지원 동기를 말해보라"
"네이버","인턴","일반면접","한게임 게임 중 해본 것이 있는가?"
"네이버","인턴","일반면접","한게임이 RPG를 꼭 해야 하는가?"
"네이버","인턴","일반면접","회사에 궁금한 점이 있는가??"
"(주)카카오","인턴","일반면접 - 앱개발자","docker 사용한 이유는?"
"(주)카카오","인턴","일반면접 - 앱개발자","tcp 3way 4way handshake 설명해보세요."
"(주)카카오","인턴","일반면접 - 앱개발자","docker 파일 작성방법은?"
"(주)카카오","인턴","일반면접 - 사무담당자","어시스턴트 직군은 정규직이 아니라 계약직인데, 그럼에도 불구하고 왜 지원하셨나요?"
"(주)카카오","인턴","일반면접 - 사무담당자","카카오에 근무하면서 어떻게 팀에 기여할 수 있으실까요?"
"(주)카카오","인턴","일반면접 - 사무담당자","총무 부문에 대해서 관련 경험이 있나요?"
"(주)카카오","신입","일반면접 - 머신러닝엔지니어","진행했던 프로젝트에 대해 소개해 보세요."
"(주)카카오","신입","일반면접 - 머신러닝엔지니어","딥러닝 관련 질문(relu가 무엇인가 왜 쓰는가, local minimum이 해결방법)"
"(주)카카오","신입","일반면접 - 머신러닝엔지니어","computer science 질문(정렬 알고리즘, 멀티 스레드 멀티 프로세스 차이)"
"(주)카카오","인턴","일반면접 - DBA","자신의 경험을 바탕으로 자기소개 부탁드립니다."
"(주)카카오","인턴","일반면접 - DBA","예시에 대해 어떻게 생각하시나요?"
"(주)카카오","인턴","일반면접 - DBA","궁금한 사항 있으신가요?"
"(주)카카오","신입","일반면접 - 인바운드상담원","입사포부"
"(주)카카오","신입","일반면접 - 인바운드상담원","과거에 국토대장정에서는 어떤역할을 하였나?"
"(주)카카오","신입","일반면접 - 인바운드상담원","카카오의 장단점은 뭐라고 생각하는가?"
"(주)카카오","신입","일반면접 - 모바일 포털 다음 및 다음앱 서비스파트","요즘 가장 관심있고 기발하다고 생각하는 모바일 서비스는 어떤 것인가?"
"(주)카카오","신입","인성면접 - 인사","스트레스 해소법에 대해 말해보시오."
"(주)카카오","신입","인성면접 - 인사","지원자는 어떤 사람인가?"
"(주)카카오","신입","인성면접 - 인사","카카오에서 하고 싶은 일은 무엇인가?"
"(주)카카오","신입","인성면접 - 카카오 라이프서비스 체험 및 시장조사","1분 동안 자기소개를 하시오."
"(주)카카오","신입","인성면접 - 카카오 라이프서비스 체험 및 시장조사","같이 일한 팀원이 지원자를 어떻게 생각할 것 같은가?"
"(주)카카오","신입","인성면접 - 카카오 라이프서비스 체험 및 시장조사","관련 업무는 해보았는가?"
"(주)카카오","신입","인성면접 - 카카오 라이프서비스 체험 및 시장조사","서비스 관련 경험이 있는가? 해당 서비스 관련 경험에 대해 어땠는지 이야기해보시오."
"(주)카카오","신입","인성면접 - 카카오 라이프서비스 체험 및 시장조사","주량은 어느 정도인가?"
"(주)카카오","신입","인성면접 - 카카오 라이프서비스 체험 및 시장조사","지원동기는 무엇인가?"
"(주)카카오","신입","인성면접 - 카카오 라이프서비스 체험 및 시장조사","지원자가 카카오 서비스 중에서 인상 깊게 생각하는 서비스는 무엇인지 예를 들어 설명해보시오."
"(주)카카오","신입","인성면접 - 카카오 라이프서비스 체험 및 시장조사","진행했던 프로젝트에 대해서 설명해보아라."
"(주)카카오","신입","인성면접 - 카카오 라이프서비스 체험 및 시장조사","택시기사가 하루에 얼마를 버는지, 또한 회사에 내야 하는 돈이 어느 정도인지 답해보시오."
"(주)카카오","인턴","인성면접 - 신규서비스","이번 인턴 경험을 통해서 얻고 싶은 가치는 무엇인가요?"
"(주)카카오","신입","인성면접 - 인사/총무","본인이 카카오에 입사한다면, 팀에 기여할 수 있는 점은 무엇이라고 생각하나요?"
"(주)카카오","신입","일반면접 - IT","개인적으로 생각하는 좋은 앱 서비스는?"
"(주)카카오","신입","일반면접 - IT","자소서 중심 내용"
"(주)카카오","신입","일반면접 - IT","최근 관심있는 분야"
"(주)카카오","신입","일반면접 - IT","경험했던 회사와 다음커뮤니케이션의 다른 점은 무엇인가"
"(주)카카오","신입","일반면접 - IT","다른 지원한 회사는 어디인가"
"(주)카카오","신입","일반면접 - IT","다음커뮤니케이션이 본인을 뽑아야 하는 이유"
"(주)카카오","신입","일반면접 - IT","본인의 별명과 그 별명을 얻은 이유"
"(주)카카오","신입","일반면접 - IT","본인이 생각하는 성격의 장단점"
"(주)카카오","신입","일반면접 - IT","부모님께서 다음에 지원한 사실을 아시는가? 또 다음에 대해 얼만큼 알고 계시는가"
"(주)카카오","신입","일반면접 - IT","영어로 자기소개"
"(주)카카오","신입","일반면접 - IT","입사 후 어떤 일을 하게 될 것 같고 어떤 일을 하고 싶은가"
"(주)카카오","신입","일반면접 - IT","자기소개"
"(주)카카오","신입","일반면접 - IT","자소서에 입력한 경력사항에 대해 많이 질문함"
"(주)카카오","신입","일반면접 - IT","전공 지식 수준이 어느 정도인가"
"(주)카카오","신입","일반면접 - IT","지원동기"
"(주)카카오","신입","일반면접 - IT","취업에 실패하게 되면 어떻게 할 것인가"
"(주)카카오","신입","일반면접 - IT","해당업무에 대한 전문지식 요구"
"(주)카카오","신입","일반면접 - IT","회사에 궁금한 점"
"(주)카카오","신입","일반면접 - IT","미리 제시한 과제를 어떻게 해결했는지 확인"
"(주)카카오","신입","일반면접 - IT","자신을 자유롭게 소개하세요."
"(주)카카오","신입","일반면접 - 기획","게임 셧다운제에 대해 어떻게 생각하는가?"
"(주)카카오","신입","일반면접 - 기획","마지막으로 하고싶은말이 있으면 해보세요"
"(주)카카오","신입","일반면접 - 기획","마케팅을 정의내리자면?"
"(주)카카오","신입","일반면접 - 기획","여기까지 뭐 타고 오셨나요?"
"(주)카카오","신입","일반면접 - 기획","자신의 장점과 단점을 각각 3가지씩 말해보세요"
"(주)카카오","신입","일반면접 - 기획","전공이 뭐하는 건지 설명해주세요"
"(주)카카오","신입","일반면접 - 기획","전국에 PC방이 몇 개 인가요?"
"(주)카카오","신입","일반면접 - 기획","전에 다녔던 회사에 왜 입사했나요? 일하면서 좋았던 점은?"
"삼성전자㈜","신입","일반면접 - 경영·비즈니스기획","[직무면접] 환경공학부를 선택한 이유는?"
"삼성전자㈜","신입","일반면접 - 경영·비즈니스기획","[직무면접] 삼성전자가 본인에게 어떤 이미지인지?"
"삼성전자㈜","신입","일반면접 - 경영·비즈니스기획","[직무면접] 환경공학부를 하면서 복수전공을 하지 않은 이유는?"
"삼성전자㈜","신입","일반면접 - 소프트웨어개발자","대학 시절 했던 여러 프로젝트들 중에서 협업을 하면서 (프리라이더 등) 힘들었던 경험과 이를 극복한 경험에 대해 이야기해주세요"
"삼성전자㈜","신입","일반면접 - 소프트웨어개발자","남들에게 들은 본인의 단점 한 가지를 이야기해주세요"
"삼성전자㈜","신입","일반면접 - 소프트웨어개발자","수율을 올리고 싶다고 했는데, 실제로 수율이 프로그래밍만으로 올릴 수 있는 것은 아닌데 이에 대해 아이디어가 있을까요?"
"삼성전자㈜","신입","일반면접 - 제품디자이너","2월에 졸업하고 공백기가 좀 있네요? 이 때 무엇을 하셨나요?"
"삼성전자㈜","신입","일반면접 - 제품디자이너","상반기엔 왜 떨어졌다고 생각해요?"
"삼성전자㈜","신입","일반면접 - 제품디자이너","그럼 이번엔 어떻게 준비했나요?"
"삼성전자㈜","신입","일반면접 - 제품디자이너","혹시 가고 싶은 부서는 있나요? 거기서 어떤 걸 해보고 싶어요?"
"삼성전자㈜","신입","일반면접 - 설비엔지니어","왜 삼성전자 파운더리 사업부에 지원했나요?"
"삼성전자㈜","신입","일반면접 - 설비엔지니어","어떤 공정에 관심있거나 가고싶나요?"
"삼성전자㈜","신입","일반면접 - 설비엔지니어","현장에서 공정 설비 가동 불가로 긴급하게 수리를 해야합니다. 생산성 확보를 위해서는 빠른 조치가 필요하나 안전조치를 하면 시간이 소요되어 비가동 시간이 늘어나는 상황입니다. 본인이라면 어떻게 할지 말해주세요."
"삼성전자㈜","신입","일반면접 - 소프트웨어개발자","오버라이딩과 오버로딩은 무슨 차이가 있나요?"
"삼성전자㈜","신입","일반면접 - 소프트웨어개발자","왜 mx 사업부인가요?"
"삼성전자㈜","신입","일반면접 - 소프트웨어개발자","학부연구생을 했으면 대학원 진학 생각이 있는 것인가요?"
"삼성전자㈜","신입","일반면접 - 품질관리자","주변에 삼성전자에 입사한 사람들이 많나요? 왜 삼성전자에 지원했나요?"
"삼성전자㈜","신입","일반면접 - 품질관리자","몇 번째 지원인가요? 이전에도 같은 부서에 지원했나요?"
"삼성전자㈜","신입","일반면접 - 품질관리자","부유입자 측정장비의 원리에 대해 말해보세요."
"삼성전자㈜","신입","일반면접 - 생산직종사자","반도체 8대 공정 중 일하고 싶은 분야는 어디인가요?"
"삼성전자㈜","신입","일반면접 - 생산직종사자","반도체에 관심을 가지게된 계기는 무엇인가요?"
"삼성전자㈜","신입","일반면접 - 생산직종사자","10년 후 나의 모습에 대해 말해보세요."
"삼성전자㈜","신입","일반면접 - 품질관리자","반도체 관련 전공과목을 별로 듣지 않았는데 왜 반도체 회사에 지원했나요?"
"삼성전자㈜","신입","일반면접 - 품질관리자","왜 해당 직무(품질관리)에 지원했나요?"
"삼성전자㈜","신입","일반면접 - 품질관리자","공백기간동안 무엇을 했나요?"
"삼성전자㈜","신입","일반면접 - 생산직종사자","해당직무 지원 동기를 말해보세요."
"삼성전자㈜","신입","일반면접 - 생산직종사자","우리회사에 재직 중인 지인이 있나요?"
"삼성전자㈜","신입","일반면접 - 생산직종사자","현재 재직 중인데 이직을 생각하는 이유는?"
"삼성전자㈜","신입","일반면접 - 반도체엔지니어","회사 지원동기를 말해보세요."
"삼성전자㈜","신입","역량면접 - 품질관리자","증착공정에 대해 알고있는 만큼 설명해 보세요."
"삼성전자㈜","신입","역량면접 - 품질관리자","회사 들어오면 야근도 있고 여러 힘든 일이 있을 것이다. 어떻게 받아들일 것인가요?"
"삼성전자㈜","신입","역량면접 - 품질관리자","반도체 경험은 하나도 없는거 같은데 반도체 산업을 선택한 이유와 회사에 지원하기 위해 준비 해온것을 어필해 보세요."
"삼성전자㈜","신입","일반면접 - 반도체엔지니어","1분 자기소개와 마지막 할말을 해보세요."
"삼성전자㈜","신입","일반면접 - 반도체엔지니어","회사 지원동기를 말해보세요."
"삼성전자㈜","신입","일반면접 - 반도체엔지니어","반도체쪽 연구소에서 어떤부분에 기여할수 있나요?"
"삼성전자㈜","신입","일반면접 - 반도체엔지니어","박사과정은 왜 안했나요?"
"삼성전자㈜","신입","일반면접 - 반도체엔지니어","마지막으로 못다한 어필하고싶은 말이 있나요?"
"삼성전자㈜","신입","일반면접 - 품질관리자","신입으로 지원한거면, 다른 직무를 써도 되는데 굳이 생산관리 직무를 지원한 이유는 무엇인가요?"
"삼성전자㈜","신입","일반면접 - 품질관리자","상사가 보는 지원자의 장점 및 단점은 무엇인가요?"
"삼성전자㈜","신입","일반면접 - 품질관리자","지원자의 이중 전공은 뭐였는지?"
"삼성전자㈜","신입","일반면접 - 품질관리자","스마트팩토리에서 가장 중요하다고 생각하는 것은 무엇인가요?"
"삼성전자㈜","신입","일반면접 - 반도체엔지니어","자기소개를 해보세요."
"삼성전자㈜","신입","일반면접 - 반도체엔지니어","친구들이 이야기하는 본인의 장단점이 무엇인가요?"
"삼성전자㈜","신입","일반면접 - 반도체엔지니어","다른 업무 포지션으로 제안을 받았을 때 어떻게 할건가요?"
"삼성전자㈜","신입","일반면접 - 반도체엔지니어","자기소개서에 있는 실험 내용에 대해 설명해주세요."
"삼성전자㈜","신입","일반면접 - 반도체엔지니어","군대를 수색대 나왔는데, 어렵지 않았나요?"
"삼성전자㈜","신입","일반면접 - 반도체엔지니어","학점과 여러가지 경험을 함께 쌓은 노하우를 말해주세요."
"삼성전자㈜","신입","일반면접 - 반도체엔지니어","왜 해당 산업을 선택하셨습니까?"
"삼성전자㈜","신입","일반면접 - 반도체엔지니어","왜 지원 직무에 지원하였습니까?"
"삼성전자㈜","신입","일반면접 - 반도체엔지니어","어떤 가치관/인생의 목표를 지향하면서 살고 있습니까?"
"삼성전자㈜","신입","일반면접 - 반도체엔지니어","이 프로젝트를 어떻게 실무에 적용할 것입니까?"
"삼성전자㈜","신입","일반면접 - 반도체엔지니어","인생에서 가장 후회되는 순간은?"
"삼성전자㈜","신입","일반면접 - 반도체엔지니어","반도체 공정에 대해 말해보세요."
"삼성전자㈜","신입","일반면접 - 반도체엔지니어","반도체에 대해 아는 것을 말해보세요."
"삼성전자㈜","신입","일반면접 - 반도체엔지니어","자신의 인생에서 가장 중요한 것 5가지를 말씀해주세요."
"삼성전자㈜","신입","일반면접 - 반도체엔지니어","존경하는 인물은 누구인가요?"
"삼성전자㈜","신입","일반면접 - 반도체엔지니어","해당 직무에 필요한 역량을 설명해보세요."
"삼성전자㈜","신입","일반면접 - 반도체엔지니어","해당 사업부에 지원한 동기는?"
"삼성전자㈜","신입","일반면접 - 반도체엔지니어","반도체 설비 문제 해결능력에 대해 자세히 설명해주세요."
"삼성전자㈜","신입","일반면접 - 제품영업","본인의 장점과 단점을 말해주세요."
"삼성전자㈜","신입","일반면접 - 제품영업","지원동기를 말해주세요"
"삼성전자㈜","신입","일반면접 - 제품영업","회사 지원동기 말고 직무지원동기를 말해주세요."
"삼성전자㈜","신입","일반면접 - 생산직종사자","자기소개를 해보세요."
"삼성전자㈜","신입","일반면접 - 생산직종사자","취미/특기를 말해보세요."
"삼성전자㈜","신입","일반면접 - 생산직종사자","본인의 해외경험과 경력관련 내용에 대해 말해보세요."
"삼성전자㈜","신입","일반면접 - 반도체엔지니어","본인이 가장 흥미롭게 들었던 수업은 무엇이었고 그 이유는 무엇인가요?"
"삼성전자㈜","신입","일반면접 - 반도체엔지니어","좋아하는 일과 잘하는 일 중에 어느 것을 직업으로 하는게 좋다고 생각하나요?"
"삼성전자㈜","신입","일반면접 - 반도체엔지니어","본인에게 있어 가장 힘들었던 경험은 무엇인가요?"
"삼성전자㈜","신입","일반면접 - 반도체엔지니어","CVD 공정에서 Void가 생기는 것을 방지하기 위한 방법으로는 어떤 것이 있을까요?"
"삼성전자㈜","신입","일반면접 - 반도체엔지니어","본인의 창의적인 경험은 무엇이 있었나요?"
"삼성전자㈜","신입","일반면접 - 반도체엔지니어","본인이 큰 목표를 달성해서 삼성전자 인턴을 소홀히 했다고 생각하는데 우리 회사에 입사하면 그것도 큰 목표를 달성한 것이겠네요?"
"삼성전자㈜","인턴","일반면접 - 반도체엔지니어","인턴 때는 평가 및 분석 직무를 했는데 왜 지원은 개발로 했나요?"
"삼성전자㈜","인턴","일반면접 - 반도체엔지니어","창의, 능동적이라고 하셨는데 사례가 있나요?"
"삼성전자㈜","인턴","일반면접 - 반도체엔지니어","확신한 근거는? 그리고 실패했을 때 책임은 어떻게 지려고 했나요?"
"삼성전자㈜","신입","일반면접 - 반도체엔지니어","이직 사유는 무엇인가요?"
"삼성전자㈜","신입","일반면접 - 반도체엔지니어","가장 힘들었던 경험을 말해보세요."
"삼성전자㈜","신입","일반면접 - 반도체엔지니어","지원한 직무가 무엇인지 알고 있나요?"
"삼성전자㈜","신입","일반면접 - 품질관리자","군대를 상당히 늦게 간 편인데 이유가 있나요?"
"삼성전자㈜","신입","일반면접 - 품질관리자","자격증이 많은 편인데, 본인 만의 노하우가 있나요?"
"삼성전자㈜","신입","일반면접 - 품질관리자","다른 지원자보다 뛰어난 점은 무엇인가요?"
"삼성전자㈜","신입","일반면접 - 설계엔지니어","반도체 분야에 지원한 이유는 무엇인가요?"
"삼성전자㈜","신입","일반면접 - 설계엔지니어","회사 지원동기를 말해보세요."
"삼성전자㈜","신입","일반면접 - 설계엔지니어","자격증란이 비어있는 이유는 무엇인가요?"
"삼성전자㈜","신입","일반면접 - 반도체엔지니어","(개인)오늘 정장을 입은 지원자가 많았는데, 비즈니스 캐주얼을 입은 이유는?"
"삼성전자㈜","신입","일반면접 - 반도체엔지니어","(개인)영어 점수가 낮은데 학교에서 진행한 영어 성적이 높은 이유는?"
"삼성전자㈜","신입","일반면접 - 반도체엔지니어","본인이 창의성이 있는 지원자라 생각하는가?"
"삼성전자㈜","신입","일반면접 - 온라인마케터","교환학생을 다녀오지 않았는데, 해외 업무에 지장이 없겠나? (임원면접)"
"삼성전자㈜","신입","일반면접 - 온라인마케터","주 52시간 근무제에 대해 어떻게 생각하나?"
"삼성전자㈜","신입","일반면접 - 온라인마케터","이 면접 떨어지면 어떨 것 같은가?"
"삼성전자㈜","신입","일반면접 - 반도체엔지니어","삼성전자 외에 지원한 기업이 있나요?"
"삼성전자㈜","신입","일반면접 - 반도체엔지니어","삼성전자와 SK하이닉스 둘다 붙으면 어디를 선택할 것인가요?"
"삼성전자㈜","신입","일반면접 - 반도체엔지니어","휴학 기간 동안은 뭘 했나요?"
"삼성전자㈜","신입","일반면접 - 품질관리자","창의성 면접) 본인의 창의적인 경험이 있다면?"
"삼성전자㈜","신입","일반면접 - 품질관리자","직무 면접) 본인이 하고싶은 업무가 있다면?"
"삼성전자㈜","신입","일반면접 - 품질관리자","임원 면접) 자신의 학과에 대해 자랑을 해보세요."
"삼성전자㈜","신입","일반면접 - 반도체엔지니어","반도체 공부는 어디서 했나요?"
"삼성전자㈜","신입","일반면접 - 반도체엔지니어","본인은 리더형인지 필로워형인지 설명해라."
"삼성전자㈜","신입","일반면접 - 반도체엔지니어","그럼 팔로워 십은 없는 것인가?"
"삼성전자㈜","신입","일반면접 - 반도체엔지니어","지원한 분야가 본인하고 잘 안맞으면 어떻게 할 것인가?"
"삼성전자㈜","신입","일반면접 - 반도체엔지니어","전공과 다른 분야인데 지원한 이유는 무엇인가?"
"삼성전자㈜","신입","일반면접 - 생산직종사자","설비직무를 선택하셨는데 본인이 설비직무를 수행함에 있어서 어떠한 장점들이 있는지?"
"삼성전자㈜","신입","일반면접 - 생산직종사자","영어점수가 낮은데 왜 그런가요?"
"삼성전자㈜","신입","일반면접 - 생산직종사자","창의적으로 한 경험을 말해주세요"
"삼성전자㈜","신입","일반면접 - 반도체엔지니어","회사에서 중요하다고 생각하는 가치가 무엇인가요?"
"삼성전자㈜","신입","일반면접 - 반도체엔지니어","새벽 2시에 기계가 고장났는데 선배가 없어요 어떡할건가요?"
"삼성전자㈜","신입","일반면접 - 반도체엔지니어","새벽이라 전화를 안받으면 어떡하죠?"
"삼성전자㈜","신입","일반면접 - 반도체엔지니어","그것도 안된다면 어떡할건가요?"
"삼성전자㈜","신입","일반면접 - 반도체엔지니어","본인과 선배가 둘이서 현장에서 일을 한다면 본인은 무엇을 할 것이죠?"
"삼성전자㈜","신입","일반면접 - 반도체엔지니어","본인 직무에 맞지 않는 일을 한다면 어떡할 건가요?"
"삼성전자㈜","인턴","일반면접 - 반도체엔지니어","자신의 단점 3가지? (인성)"
"삼성전자㈜","인턴","일반면접 - 반도체엔지니어","대외활동이 많은데, 학업과 어떻게 병행했나? (인성)"
"삼성전자㈜","인턴","일반면접 - 반도체엔지니어","지원 동기 (인성, 창의성 모두)"
"삼성전자㈜","신입","일반면접 - 반도체엔지니어","패러데이의 전자유도법칙과 렌츠의 법칙에 대해 설명해 주세요."
"삼성전자㈜","신입","일반면접 - 반도체엔지니어","1분PR(자기소개)"
"삼성전자㈜","신입","일반면접 - 반도체엔지니어","천장크레인 자격증이 있는데 무슨 일을 하고 직접 운전할 수 있나요?"
"삼성전자㈜","신입","일반면접 - 반도체엔지니어","항만물류고는 기본적으로 천크를 따나요?"
"삼성전자㈜","신입","일반면접 - 반도체엔지니어","현장에서 여자들이 작업복을 입고 작업화를 신고 그러는데 어떠세요?"
"삼성전자㈜","신입","일반면접 - 반도체엔지니어","주말 근무와 야근이 많을 텐데 괜찮으시겠어요?"
"삼성전자㈜","신입","일반면접 - 전기·전자엔지니어","한전이 전기 최고의 기업인데 왜 삼성전자에 지원하셨습니까?"
"삼성전자㈜","신입","일반면접 - 전기·전자엔지니어","힘들 때 누구에게 조언을 받나요?"
"삼성전자㈜","신입","일반면접 - 전기·전자엔지니어","패러데이 법칙과 렌츠에 법칙에 대하여 설명하고 공통점과 차이점에 대하여 설명하세요."
"삼성전자㈜","신입","일반면접 - 전기·전자엔지니어","변압기의 원리에 대하여 설명해주세요.(전공 추가 질문)"
"삼성전자㈜","신입","일반면접 - 반도체엔지니어","친구를 사귈때 가장 중요하게 생각하는 부분이 무엇인가요?"
"삼성전자㈜","신입","일반면접 - 반도체엔지니어","친구와 갈등경험, 어떻게 풀어나갔나요?"
"삼성전자㈜","신입","일반면접 - 반도체엔지니어","내가 남들보다 뛰어나다고 생각하는점은?"
"삼성전자㈜","신입","일반면접 - 반도체엔지니어","삼성전자 지원많이 하신것 같은데 이번이 몇번째 지원이고 다 같은 직무 지원했나요?"
"삼성전자㈜","신입","일반면접 - 반도체엔지니어","공백기가 조금있는데 그때동안 뭐했냐? 다른데 붙은덴 없냐?"
"삼성전자㈜","신입","일반면접 - 반도체엔지니어","현재 붙은 외국계 기업이 글로벌엔지니어가 될수있고 엔지니어로서 또한 글로벌적 측면으로 경쟁력을 쌓을 수 있을것 같은데 왜 우리회사가 0순위 인가요?"
"삼성전자㈜","신입","일반면접 - 반도체엔지니어","본인의 장점은 무엇인가?"
"삼성전자㈜","신입","일반면접 - 반도체엔지니어","1학년때 무엇을 하고 놀았는지?"
"삼성전자㈜","신입","일반면접 - 반도체엔지니어","존경하는 사람?"
"삼성전자㈜","신입","일반면접 - 반도체엔지니어","주변사람들이 말하는 자신의 단점"
"삼성전자㈜","신입","일반면접 - 반도체엔지니어","창의력을 발휘해본 경험"
"삼성전자㈜","신입","일반면접 - 반도체엔지니어","리더쉽이 있는 편인지"
"삼성전자㈜","신입","일반면접 - 반도체엔지니어","재이수가 많은데 왜 그러나?"
"삼성전자㈜","신입","일반면접 - 반도체엔지니어","중국에서 살다 왔는데 중국어 잘하나?"
"삼성전자㈜","신입","일반면접 - 반도체엔지니어","본인이 생각하는 창의성이란?"
"삼성전자㈜","신입","일반면접 - 생산직종사자","미국에서 인턴했는데왜 미국에서 취업안했는지?"
"삼성전자㈜","신입","일반면접 - 생산직종사자","영어구사력은 어느정도인지?"
"삼성전자㈜","신입","일반면접 - 생산직종사자","왜 반도체 회사에 지원했는지?"
"삼성전자㈜","신입","일반면접 - 반도체엔지니어","중국 유학에 대해 물어보셨다."
"삼성전자㈜","신입","일반면접 - 반도체엔지니어","향후 하고 싶은 직무분야는?"
"삼성전자㈜","신입","일반면접 - 반도체엔지니어","본인이 생각하는 창의성이란?"
"삼성전자㈜","신입","일반면접 - 생산직종사자","전공피티) 열전달 문제를 선택한 이유는?"
"삼성전자㈜","신입","일반면접 - 생산직종사자","임원면접) 졸업유보하고 뭐했냐?"
"삼성전자㈜","신입","일반면접 - 생산직종사자","임원면접) 설비직이 무슨일을 하는곳인지 아나?"
"삼성전자㈜","신입","일반면접 - 생산직종사자","임원면접) 직무지원동기"
"삼성전자㈜","신입","일반면접 - 반도체엔지니어","꼼꼼함을 보일 수 있는 사례"
"삼성전자㈜","신입","일반면접 - 반도체엔지니어","취미생활은?"
"삼성전자㈜","신입","일반면접 - 반도체엔지니어","최근에 가본 곳이나 문화생활 즐겼던 것에대해 말해봐라."
"삼성전자㈜","인턴","일반면접 - 전기·전자엔지니어","우리 회사를 알고 지원했는가?"
"삼성전자㈜","인턴","일반면접 - 전기·전자엔지니어","팀 활동을 하면서 힘든 일이 생긴다면 어떻게 하겠는가?"
"삼성전자㈜","인턴","일반면접 - 전기·전자엔지니어","직무에 왜 적합한가?"
"삼성전자㈜","신입","인성면접 - 제품영업","국내영업에 지원한 이유는 무엇인가?"
"삼성전자㈜","신입","인성면접 - 제품영업","왜 삼성전자에 오고 싶은가?"
"삼성전자㈜","신입","인성면접 - 제품영업","학과랑 삼성전자 영업마케팅이랑 무슨 상관인가?"
"삼성전자㈜","신입","인성면접 - 제품영업","학점이 좋은데, 공부만 했나?"
"삼성전자㈜","신입","인성면접 - DS부문>생산관리직","10년 후의 지원자는 어떨 것 같은가?"
"삼성전자㈜","신입","인성면접 - DS부문>생산관리직","끈기있게 시도했던 경험에 대해 말해보시오."
"삼성전자㈜","신입","인성면접 - DS부문>생산관리직","삼성의 보완점을 제시해보시오."
"삼성전자㈜","신입","인성면접 - DS부문>생산관리직","이 자리에 오기 위해서 그동안 무엇을 준비했는가?"
"삼성전자㈜","신입","인성면접 - DS부문>생산관리직","지원동기"
"삼성전자㈜","신입","인성면접 - DS부문>생산관리직","친구가 몇 명인가?"
"삼성전자㈜","신입","인성면접 - DS부문>생산관리직","회사의 수익과 사회공헌 중 무엇이 더 중요한가?"
"삼성전자㈜","신입","인성면접 - 반도체엔지니어","인상 깊게 들은 과목이 무엇인가?"
"삼성전자㈜","신입","인성면접 - 반도체엔지니어","자신이 해당 직무에 적합한 이유에 대해 말해보시오."
"삼성전자㈜","신입","인성면접 - 시스템엔지니어","가고 싶은 부서가 있나요?"
"삼성전자㈜","신입","인성면접 - 시스템엔지니어","왜 삼성전자를 지원했나요?"
"삼성전자㈜","신입","인성면접 - 시스템엔지니어","직장상사가 본인보다 어린 경우, 어떻게 대처할 것인가요?"
"삼성전자㈜","신입","인성면접 - 반도체엔지니어","보니까 OOO 교수님한테 졸업 프로젝트를 들었던데, 잘 계신가요?"
"삼성전자㈜","신입","인성면접 - 반도체엔지니어","인턴 때 우수사원에 뽑혔던데, 비결이 뭔가요?"
"삼성전자㈜","신입","인성면접 - 반도체엔지니어","인턴 실습을 진행한 부서 말고 다른 부서에서 일하고 싶은 생각도 있나요?"
"삼성전자㈜","신입","인성면접 - 반도체엔지니어","전환되면 여기에 올 건가요?"
"삼성전자㈜","신입","인성면접 - 반도체엔지니어","졸업 프로젝트 주제를 보니, 학사 치고 괸장히 advance한 프로젝트를 진행했는데, 석사 생각은 없나요?"
"삼성전자㈜","신입","인성면접 - 반도체엔지니어","본인의 단점은 무엇인가요?"
"삼성전자㈜","신입","인성면접 - 반도체엔지니어","취미생활에 대해 말해보세요."
"삼성전자㈜","신입","인성면접 - 반도체엔지니어","상사와 이견이 있을 때는 어떻게 할 것인가요?"
"삼성전자㈜","신입","인성면접 - 웹개발자","디자인 패턴에 대해 아는 대로 말해보라."
"삼성전자㈜","신입","인성면접 - 웹개발자","왜 삼성이어야 하는가?"
"삼성전자㈜","신입","인성면접 - 웹개발자","지금 부르면 30분 내로 달려온 친구가 몇 있는가?"
"삼성전자㈜","신입","일반면접 - 반도체엔지니어","장점은?"
"삼성전자㈜","신입","일반면접 - 반도체엔지니어","학점이 좋지 않은 이유?"
"삼성전자㈜","신입","일반면접 - 반도체엔지니어","설비엔지니어 선택 이유?"
"삼성전자㈜","신입","인성면접 - 제품영업","그렇다면 우리는 어떻게 해야 하나?"
"삼성전자㈜","신입","인성면접 - 제품영업","디지털 프라자에 가 봤나?"
"삼성전자㈜","신입","인성면접 - 제품영업","삼성전자 CE/IM 사업부가 어떻게 구성되는지 아는가?"
"삼성전자㈜","신입","인성면접 - 제품영업","학점이 높은데, 공부만 했나?"
"삼성전자㈜","신입","인성면접 - 디자인직","3D 프린터와 같은 Rapid Prototyping tool 사용 경험이 있나?"
"삼성전자㈜","신입","인성면접 - 디자인직","가장 인상 깊었던 프로젝트 경험에 대해 말해보시오."
"삼성전자㈜","신입","인성면접 - 디자인직","가장 힘들었던 경험에 대해 말해보시오."
"삼성전자㈜","신입","인성면접 - 디자인직","지원자는 엔지니어와 디자인의 융합을 어떻게 생각하는가?"
"삼성전자㈜","신입","인성면접 - 연구개발","1년 동안 휴학을 했는지 말해보시오."
"삼성전자㈜","신입","인성면접 - 연구개발","1분 동안 PR을 해보시오."
"삼성전자㈜","신입","인성면접 - 연구개발","공백 기간 동안 무엇을 했는가?"
"삼성전자㈜","신입","인성면접 - 연구개발","마지막 학기에 F는 왜 받았는가?"
"삼성전자㈜","신입","인성면접 - 연구개발","마지막으로 한마디 하고 싶은 말이 있는가?"
"삼성전자㈜","신입","인성면접 - 연구개발","무언가에 도전했던 경험에 대해 말해보시오."
"삼성전자㈜","신입","인성면접 - 연구개발","반도체 공정과 관련한 세부 경험이 있는가? 자세히 말해보시오."
"삼성전자㈜","신입","인성면접 - 연구개발","삼성이 사회공헌사업을 더 확장해야 하는가?"
"삼성전자㈜","신입","인성면접 - 연구개발","성격의 장단점에 대해 말해보시오."
"삼성전자㈜","신입","인성면접 - 연구개발","아르바이트 경험에 대해 말해보시오."
"삼성전자㈜","신입","인성면접 - 연구개발","이수한 전공이 부족해보이는데, 그 이유가 무엇이라 생각하는가?"
"삼성전자㈜","신입","인성면접 - 연구개발","입사 후 어떤 일을 하고 싶은가?"
"삼성전자㈜","신입","인성면접 - 연구개발","자기소개해보시오."
"삼성전자㈜","신입","인성면접 - 연구개발","존경하는 인물은 누구인가? 해당 인물이 한 명언을 말해보시오. 그리고 그 명언이 지원자의 인생에 어떤 영향을 미쳤는가?"
"삼성전자㈜","신입","인성면접 - 연구개발","졸업유예를 하지 않은 이유는 무엇인가?"
"삼성전자㈜","신입","인성면접 - 연구개발","지원 동기가 무엇인가?"
"삼성전자㈜","신입","인성면접 - 연구개발","지원자의 단점은 무엇인가?"
"삼성전자㈜","신입","인성면접 - 연구개발","지원한 부서에서 전공과 관련해서 어떠한 역할을 할 수 있을지에 관해 영어로 답변하라."
"삼성전자㈜","신입","인성면접 - 연구개발","집 앞 신호등이 빨간 불이지만, 차가 오지 않는다면 건너겠는가?"
"삼성전자㈜","신입","인성면접 - 연구개발","창의적으로 문제를 해결한 경험에 대해 말해보시오."
"삼성전자㈜","신입","인성면접 - 연구개발","프로젝트를 진행하면서 어려웠던 점이 있나? 어려운 점을 극복하기 위해 지원자가 한 역할은 무엇이었는가?"
"삼성전자㈜","신입","인성면접 - 영업마케팅직","이력서에 적힌 해외경험을 통해 지원자가 느낀 점과 지원자의 강점은 무엇인가?"
"삼성전자㈜","신입","인성면접 - 영업마케팅직","지원자의 장단점은 무엇인가?"
"삼성전자㈜","신입","인성면접 - 소프트웨어직","왜 여기에 지원했는가?"
"삼성전자㈜","신입","인성면접 - 소프트웨어직","10년 후 손목 터널증후군 환자가 줄어든다. 왜 그런가?"
"삼성전자㈜","신입","인성면접 - 소프트웨어직","본인이 원하는 부서가 아니라도 일할 수 있는가?"
"삼성전자㈜","신입","인성면접 - 소프트웨어직","와서 어떤 일을 하고 싶은가?"
"삼성전자㈜","신입","인성면접 - 소프트웨어직","전공과 결부하여 지원자가 회사에 어떤 기여를 할 수 있는지 말해보시오."
"삼성전자㈜","신입","인성면접 - 소프트웨어직","직무 관련하여 얼마나 알고 있는가?"
"삼성전자㈜","신입","인성면접 - 소프트웨어직","직장 상사가 부당한 일을 처리하라고 시킨다면 당신은 어떻게 대답할 것인가?"
"삼성전자㈜","신입","인성면접 - 소프트웨어직","취업 전 공백기에는 무엇을 했는가?"
"삼성전자㈜","인턴","인성면접 - 반도체엔지니어","그럼 그 안전사고의 예방법은 어떤 것들이 있을까요?"
"삼성전자㈜","인턴","인성면접 - 반도체엔지니어","여기 보니 존경하는 사람이 OO OOO 선생인데, 이 사람이 누구죠?"
"삼성전자㈜","인턴","인성면접 - 반도체엔지니어","자동차를 자전거로 대체하는 창의적인 방안을 설명해주셨는데, 자전거가 많아지면 문제점은 없을까요?"
"삼성전자㈜","인턴","인성면접 - 반도체엔지니어","특기란에 `다른 사람의 마음을 얻는 법` 이건 뭐죠?"
"삼성전자㈜","신입","일반면접 - 소프트웨어","10년 후 손목터널증후군 환자가 줄어든다. 왜 그렇다고 생각하는가?"
"삼성전자㈜","신입","일반면접 - 기술·전문강사","인성면접에서 인생에서 가장 중요하게 생각하는 것이 무엇인가."
"삼성전자㈜","신입","일반면접 - 기술·전문강사","창의성 면접에서 본인이 창의적인 사람이라고 생각하는 이유는 무엇인가?"
"삼성전자㈜","신입","일반면접 - 기술·전문강사","요즘 각 기업에서PB상품을 많이 내어 놓는다. 그 기업 브랜드 상품을 어떻게 바라보며 어떻게 활용할 것인가?"
"삼성전자㈜","신입","일반면접 - 연구개발","높이 위치 촉각 등을 이용하여 맞벌이 부부들이 아기를 키울 때 도움이 될 수 있는 20년 뒤 기술을 작성하여라."
"삼성전자㈜","신입","일반면접 - 연구개발","본인이 생각하는 겸손함의 정의가 무엇인가?"
"삼성전자㈜","신입","임원면접 - 생산관리","회사에 대한 긍정적인 기사와 부정적인 기사를 설명해보아라."
"삼성전자㈜","신입","임원면접 - 영업마케팅","앞으로 삼성전자가 어떻게 나아가야 한다고 생각하는가?"
"삼성전자㈜","신입","일반면접 - 설치·수리기사","삼성전자에 대해 알고 있는 것에 대해 말해주십시오."
"삼성전자㈜","신입","일반면접 - 설치·수리기사","DS부문, IM부문, CE부문을 말씀하셨는데 정확히 어떤 의미를 뜻하는지 알고 계십니까?"
"삼성전자㈜","인턴","인성면접","자기소개해보세요"
"삼성전자㈜","신입","인성면접 - 사무담당자","왜 삼성에 지원했나요?"
"삼성전자㈜","신입","인성면접 - 사무담당자","취미가 무엇인가요?"
"삼성전자㈜","신입","일반면접","감명깊게 읽은 책은 무엇인가?"
"삼성전자㈜","신입","일반면접","살면서 힘들었던 경험은 언제였는가? 극복방안은?"
"삼성전자㈜","신입","일반면접 - DS","마지막으로 하고 싶은 말이 있는가?"
"삼성전자㈜","신입","일반면접 - DS","요즘 삼성과 관련하여 눈여겨 볼 이슈에 대하여"
"삼성전자㈜","신입","일반면접 - DS","자기주장이 강한편인가?"
"삼성전자㈜","신입","일반면접 - DS","회사의 제품에 대해 소개해 보시오"
"삼성전자㈜","신입","일반면접 - 생산관리","자신을 남에게 빗대어 표현한다면?"
"삼성전자㈜","신입","일반면접","1억이 생기면 무엇을 하겠는가?"
"삼성전자㈜","신입","일반면접","삼성의 이미지는 어떠한가?"
"삼성전자㈜","신입","PT면접 - SW개발","제품에 하자가 있는 걸 알면서도 물건을 팔아야 하는 상황에 놓인다면 어떻게 할 것인가?"
"삼성전자㈜","경력무관","PT면접 - 생산관리","본인의 인생 가치관은?"
"삼성전자㈜","경력무관","PT면접 - 생산관리","본인이 발휘 할 수 있는 역량에 대해 말하시오."
"삼성전자㈜","경력무관","PT면접 - 생산관리","우리 회사에 지원하게 된 동기와 포부에 대해 말하시오."
"삼성전자㈜","경력무관","일반면접 - SW개발","삼성 핸드폰이 소프트웨어에서 부족한 점이 무엇이라고 생각하는지 구체적으로 말하시오"
"삼성전자㈜","경력무관","일반면접 - SW개발","소프트웨어관련직종에 종사하는 아는사람이 있는가?"
"삼성전자㈜","경력무관","일반면접 - SW개발","어떤 스타일의 직원과 일하고 싶으며, 반대로 어떤 스타일의 직원과는 일을 하기 싫은지?"
"삼성전자㈜","경력무관","인성면접","본인이 살아오면서 가장 정직하게 했던 행동은?"
"삼성전자㈜","경력무관","인성면접","희망연봉이 어떻게 되세요???"
"삼성전자㈜","경력무관","일반면접","노조 없는 회사에 대한 본인의 의견은?"
"삼성전자㈜","신입","일반면접 - R&D","최근들어 가장 화가 났던 경험은?"
"삼성전자㈜","신입","일반면접 - R&D","평소 어울리는 친구들을 소개해보시오"
"삼성전자㈜","경력무관","임원면접 - 행정사무","자기 소개 간단히 해보세요"
"삼성전자㈜","신입","임원면접","대인관계는 어떤 편인가요?"
"삼성전자㈜","신입","임원면접","마케팅과 영업 직무 중 어느 쪽이 본인 적성에 맞는다고 생각하는지? 그 이유는?"
"삼성전자㈜","신입","임원면접","일주일마다 주기적으로 만나는 친구가 총 몇 명이나 있는지?"
"삼성전자㈜","신입","임원면접","최근에 읽은 인문학 책이 있습니까? 어떤 책이고 무엇을 느꼈는지 말해주십시오."
"삼성전자㈜","신입","임원면접","카카오톡 친구목록이 몇 명 정도 되는지?"
"삼성전자㈜","신입","임원면접","학창시절 가장 기억에 남는 것은 무엇입니까?"
"삼성전자㈜","경력무관","인성면접","이름이 뭐예요???"
"삼성전자㈜","경력무관","인성면접","조직내에서 팀웍이 잘 이루어 질려면 무엇이 가장 중요하다고 생각합니까?"
"삼성전자㈜","경력무관","인성면접","학교는 어디 나왔써요????"
"삼성전자㈜","경력무관","인성면접","회사규정에 따른다고 되어 있는데 실제 생각하고 있는 연봉이 있나요??"
"삼성전자㈜","경력무관","임원면접 - 생산부","일에 있어서 과정과 결과 중 어느 것이 중요하다고 생각하는가?"
"삼성전자㈜","경력무관","임원면접","다른 지원자들과 다르게 특별히 나은점은 무엇인가요?"
"삼성전자㈜","경력무관","임원면접","만일 다른 부서에 배치된다면 어떻게 하겠습니까?"
"삼성전자㈜","경력무관","임원면접","몇년 후의 자신의 모습은 어떨꺼 같습니까???"
"삼성전자㈜","경력무관","임원면접","상사와 갈등을 겪게 된다면 본인은 어떻게 대처하겠는가?"
"삼성전자㈜","경력무관","임원면접","성격은 좋습니까??? 사람들과 잘 어울릴수 있습니까???"
"삼성전자㈜","경력무관","임원면접","우리 회사에 불합격이 된다면 어떻게 하시겠습니까?"
"삼성전자㈜","경력무관","임원면접","우리 회사에 입사하게 된다면 어떤 각오로 일할것입니까???"
"삼성전자㈜","경력무관","임원면접","우리 회사에 입사해야 하는 이유에 대해서 말해주세요!!!"
"삼성전자㈜","경력무관","임원면접","우리 회사에 지원하게된 지원동기를 말해보세요!!"
"삼성전자㈜","경력무관","임원면접","일을 시작하면 끝까지 합니까?"
"삼성전자㈜","경력무관","임원면접","입사 후 업무가 자신이 생각 했던것이랑 다르다면 어떻게 할것입니까??"
"삼성전자㈜","경력무관","임원면접","입사후 포부....무엇입니까???"
"삼성전자㈜","경력무관","임원면접","전공분야에서 자신의 장점은 무엇입니까?"
"삼성전자㈜","경력무관","임원면접","종교가 어떻게 되세요???"
"삼성전자㈜","경력무관","임원면접","중소기업에도 지원하셨습니까???"
"삼성전자㈜","경력무관","임원면접","취득한 자격증이 있습니까?"
"삼성전자㈜","경력무관","임원면접","친구와 잘 어울리고 친구들이 많은 편입니까?"
"삼성전자㈜","경력무관","임원면접","학점이 좋지 않은데 이유가 무엇입니까?"
"삼성전자㈜","경력무관","임원면접","회사 입사하면 제일 첫번째로 하고 싶은 일이 무엇입니까?"
"삼성전자㈜","경력무관","임원면접","회사에서 필요한 인재에 합당하다고 생각하십니까????"
"삼성전자㈜","경력무관","임원면접","회사에서의 바람직한 근무태도는 무엇이라고 생각하는가?"
"삼성전자㈜","경력무관","임원면접","희망연봉은 얼마입니까?"
"삼성전자㈜","경력무관","임원면접 - 생상부","옴의 법칙에 대해서 설명해보세요!!"
"삼성전자㈜","경력무관","임원면접","경력중심1분자기소개-지원동기-이전직장의 퇴사사유"
"삼성전자㈜","경력무관","임원면접","현재 좋아하는 사람 있습니까???"
"삼성전자㈜","경력무관","PT면접","만약 본인에게 선택의 기회가 온다면 어느 직업 또는 회사에 채용 되고 싶습니까???"
"삼성전자㈜","경력무관","PT면접","우리 회사 말고 다른데 지원한데는 있습니까???"
"삼성전자㈜","경력무관","PT면접","특별히 우리 회사를 지원하게 된 동기는 무엇입니까?"
"삼성전자㈜","신입","인성면접 - 연구소","실수를 통해서 얻은 교훈이 있다면???"
"삼성전자㈜","인턴","토론면접","일에 있어서 과정과 결과 중 어느 것이 중요하다고 생각하는가?"
"삼성전자㈜","신입","임원면접 - S/W","이 직무를 하는데 있어서 어떤 능력이 가장 중요할 것 같나요?"
"삼성전자㈜","인턴","토론면접","가능한 외국어는 뭐가 있죠???"
"삼성전자㈜","신입","토론면접","자기소개 해보세요!!!"
"삼성전자㈜","신입","토론면접","희망연봉을 면접시 협의라고 했는데 희망연봉을 얼마나 생각하고 있나요???"
"삼성전자㈜","신입","인성면접","다른 회사에 지망했던 곳은 어디입니까?"
"삼성전자㈜","신입","인성면접","당신의 꿈은 무엇입니까?"
"삼성전자㈜","신입","인성면접","자기소개"
"삼성전자㈜","신입","인성면접 - 케미칼부분","가장 하고싶은것, 가장 갖고싶은것, 가장 되고싶은것은?"
"삼성전자㈜","신입","임원면접","본인이 다른사람과 특별하게 다른점이나 능력을 회사를 위해 어떻게 발휘 할수 있습니까??"
"삼성전자㈜","신입","임원면접","요즘 삼성 트렌드에 대해서 어떻게 생각십니까? 삼성인 외 사람들은 삼성을 어떻게 생각하나요?"
"삼성전자㈜","신입","임원면접","자기소개를 영어로 해보세요!"
"삼성전자㈜","신입","임원면접","자기소개서"
"삼성전자㈜","신입","PT면접","스펙이 부족하여 다른동료보다 낮은 연봉이라면 일하겠습니까"
"삼성전자㈜","신입","임원면접 - 기획","전공과 무관한 곳에 배치를 받게 되면 어떻게 할 것인가?"
"삼성전자㈜","신입","일반면접 - 휴대폰","자기소개"
"삼성전자㈜","신입","일반면접 - 재무","학생시절 아르바이트를 많이 했나요?"
"삼성전자㈜","신입","일반면접 - 재무","학생시절 아르바이트를 많이한 경험이 있습니까?"
"삼성전자㈜","신입","일반면접 - SW","자신이 존경하는 인물은 누구인가?"
"삼성전자㈜","인턴","PT면접","입사하게 된 이유는?"
"삼성전자㈜","신입","인성면접 - 영업마케팅","기업이란 무엇이라고 생각하세요?"
"삼성전자㈜","신입","임원면접 - 사무직","최근 가장 관심있게 봤던 뉴스는 무엇입니까?"
"삼성전자㈜","신입","PT면접 - 반도체연구소","삼성전자가 지금 주력으로 개발하고 있는 것이 무엇인지 아는대로 얘기해보아라."
"삼성전자㈜","신입","임원면접 - 법인영업","업무에 관련하여 본인이 생각하는 본인의 장점은?"
"삼성전자㈜","신입","임원면접","1분 동안 영어로 자기소개를 해 보세요."
"삼성전자㈜","신입","임원면접","1분 동안 영어로 자기소개를 해 보세요."
"삼성전자㈜","신입","PT면접","환경공학 전공인가요?"
"삼성전자㈜","신입","일반면접","영어 잘하시나요?"
"삼성전자㈜","인턴","인성면접","자바를 활용한 일상생활에서의 도구들을 한번 말해보세요."
"삼성전자㈜","신입","토론면접 - 연구개발","대통령이 된다면 펼치고 싶은 정책은?"
"삼성전자㈜","신입","토론면접 - 연구개발","등산이 취미라고 했는데 정상까지 올라가는 편인지?"
"삼성전자㈜","신입","토론면접 - 연구개발","실험 성적이 낮은데 그 이유는?"
"삼성전자㈜","신입","토론면접 - 연구개발","왕따를 당해보았는가?"
"삼성전자㈜","신입","토론면접 - 연구개발","외할아버지를 존경하는 이유는?"
"삼성전자㈜","신입","토론면접 - 연구개발","인턴하면서 어떤 일을 했는가?"
"삼성전자㈜","신입","토론면접 - 연구개발","중국어로 비즈니스도 가능한가?"
"삼성전자㈜","신입","임원면접 - DS연구개발","다른 사람과 협력하여 좋은 결과를 이끌어본적 있는가?"
"삼성전자㈜","신입","임원면접 - DS연구개발","성격이 밝은데 오히려 그런 사람이 상처가 더 많은 법인데, 어떻게 생각하는가?"
"삼성전자㈜","신입","임원면접 - DS연구개발","어느 분야에서 일해보고 싶은가?"
"삼성전자㈜","신입","임원면접 - DS연구개발","왜 삼성전자에 입사하고 싶은가? 대기업이기 때문인가?"
"삼성전자㈜","신입","일반면접 - DS","다른 사람들과 협력하여 좋은 결과를 이루어낸 적이 있는가?"
"삼성전자㈜","신입","일반면접 - DS","마지막으로 하고 싶은 말은?"
"삼성전자㈜","신입","일반면접 - DS","성격이 밟으면 오히려 속으로 상처가 많은 법이다 그렇지 않은가?"
"삼성전자㈜","신입","일반면접 - DS","스피킹 점수가 이 정도면 어느 수준인가?"
"삼성전자㈜","신입","일반면접 - DS","앞으로 삼성전자의 나아갈 방향은?"
"삼성전자㈜","신입","일반면접 - DS","어느 분야에서 일하고 싶은가? 3교대도 상관 없는가?"
"삼성전자㈜","신입","일반면접 - DS","왜 삼성전자에 들어오고 싶은가? 단순히 대기업이기 때문에?"
"삼성전자㈜","신입","인성면접 - DS부문 설비직","대학원을 선택한 이유는?"
"삼성전자㈜","신입","인성면접 - DS부문 설비직","저번에 지원했을 때와 직무를 바꿔서 지원한 이유는?"
"삼성전자㈜","신입","인성면접 - DS부문 설비직","편입을 한 이유는?"
"삼성전자㈜","신입","임원면접","본인을 가장 잘 나타낸 동물은? 그 이유는?"
"삼성전자㈜","신입","임원면접","어떤 수업이 가장 재미있었나요?"
"삼성전자㈜","신입","임원면접","우리회사의 단점은 무엇이라 생각하는가?"
"삼성전자㈜","신입","임원면접","친한 친구에게 상처를 준 경험이 있는가?"
"삼성전자㈜","신입","일반면접 - VD사업부","존경하는 인물은?"
"삼성전자㈜","신입","인성면접 - 인사","사회적 기업(=NGO)의 역할에 대한 견해를 밝히시오"
"삼성전자㈜","신입","인성면접","리더십이란 무엇인가 사례를 들어 설명하세요"
"삼성전자㈜","신입","인성면접","회계란 무엇인가?"
"삼성전자㈜","신입","인성면접 - 연구개발","근무시 여가시간이 많이 사라질텐데 상관없는가?"
"삼성전자㈜","신입","인성면접 - 연구개발","단점을 깨닫게된 경험을 말해보라"
"삼성전자㈜","신입","인성면접 - 연구개발","리더로서 조직의 변화를 이끈 경험이 있는가?"
"삼성전자㈜","신입","인성면접 - 연구개발","본인의 전공 관련하여 가장 중요한 기초지식이 무엇이라고 생각하는가?"
"삼성전자㈜","신입","인성면접 - 연구개발","본인이 지원한 직무 이외의 직무를 배정받아도 괜찮은가?"
"삼성전자㈜","신입","인성면접 - 연구개발","어학연수를 다녀오지 않은 이유는? 후회는 하지 않는가?"
"삼성전자㈜","신입","인성면접 - 연구개발","영어성적이 좋지않은데 외국어 능력향상에는 관심이 없는가?"
"삼성전자㈜","신입","인성면접 - 연구개발","우리 회사를 지원한 동기는 무엇인가?"
"삼성전자㈜","신입","인성면접 - 연구개발","자기PR을 1분간 해보아라."
"삼성전자㈜","신입","인성면접 - 연구개발","제주 해군기지에 대해 어떻게 생각하는가?"
"삼성전자㈜","신입","인성면접 - 연구개발","지원동기를 자신의 장점과 연관지어 말해보라."
"삼성전자㈜","신입","인성면접 - 연구개발","카카오톡에 저장되어있는 친구들의 수는? 많다고 생각하는가? 적다고 생각하는가?"
"삼성전자㈜","신입","인성면접 - 사원","경력 , 장단점을 말하세요"
"삼성전자㈜","신입","인성면접 - 영업마케팅팀","노조에 대해 어떻게 생각하는가?"
"삼성전자㈜","신입","인성면접 - 영업마케팅팀","자신의 장단점을 위주로 1분 자기소개를 해보세요"
"삼성전자㈜","신입","인성면접 - DS 연구개발","본인의 장점과 단점을 어떻게 극복했는지까지 넣어 1분간 자기소개해보세요"
"삼성전자㈜","인턴","PT면접","제일 자신 있는게 무엇입니까?"
"삼성전자㈜","신입","일반면접 - LCD","간단히 자기소개를 해보세요"
"삼성전자㈜","신입","일반면접 - LCD","본인 취미나 특기는 어떻게 되나요?"
"삼성전자㈜","신입","일반면접 - LCD","인턴 근무하면서 배운 점은 무엇이며 스스로 고쳐나가야 할 점은 무엇인가?"
"삼성전자㈜","경력무관","일반면접 - 유선사업부","회사에서 지정해 준 출근일에 바로 출근 가능한가요?"
"삼성전자㈜","신입","일반면접 - 부품 연구개발","1분 자기소개를 해보라"
"삼성전자㈜","신입","일반면접 - 부품 연구개발","강자와 약자의 소통을위해 필요한 것이 무엇인가?"
"삼성전자㈜","신입","일반면접 - 부품 연구개발","공교육의 문제점이 무엇인가?"
"삼성전자㈜","신입","일반면접 - 부품 연구개발","그 동안 면접 몇 번이나 보았나?"
"삼성전자㈜","신입","일반면접 - 부품 연구개발","노조가 파업하는 이유는 무엇이라고 생각하나?"
"삼성전자㈜","신입","일반면접 - 부품 연구개발","당신을 뽑아야 하는 이유가 있나?"
"삼성전자㈜","신입","일반면접 - 부품 연구개발","마지막으로 하고 싶은 말을 해보세요"
"삼성전자㈜","신입","일반면접 - 부품 연구개발","마지막으로 할 말이나 질문 있는가?"
"삼성전자㈜","신입","일반면접 - 부품 연구개발","면접준비는 얼마나 했는가?"
"삼성전자㈜","신입","일반면접 - 부품 연구개발","반값등록금 시위에 참여하였나? 참여하지 않았다면 그 이유는 무엇인가?"
"삼성전자㈜","신입","일반면접 - 부품 연구개발","본인의 단점을 극복하기 위해 한 행동을 구체적으로 설명하라"
"삼성전자㈜","신입","일반면접 - 부품 연구개발","본인의 취미를 말해보세요"
"삼성전자㈜","신입","일반면접 - 부품 연구개발","분양가 상한가 폐지에 대한 논란에 대해 찬반토론해보라"
"삼성전자㈜","신입","일반면접 - 부품 연구개발","사회구조에 문제가있다면 거기에 대항할것인가?"
"삼성전자㈜","신입","일반면접 - 부품 연구개발","삼성전자 기업문화에 대해 말해보라"
"삼성전자㈜","신입","일반면접 - 부품 연구개발","상사가 본인의 업무에 관해 안좋은 평가를 한다면 어떻게 할 것인가?"
"삼성전자㈜","신입","일반면접 - 부품 연구개발","입사 후 연구하고 싶은 분야나 직무 방향을 말해보세요"
"삼성전자㈜","신입","일반면접 - 부품 연구개발","장단점 위주의 자기소개를 해보라"
"삼성전자㈜","신입","일반면접 - 부품 연구개발","지원동기는 무엇인가?"
"삼성전자㈜","신입","일반면접 - 부품 연구개발","한국에는 왜 스티븐잡스 같은 사람이 안나오는가?"
"삼성전자㈜","신입","일반면접 - 부품 연구개발","한국의 기업문화는 창의력 발전에 도움이 되는가? 안된다면 그 이유를 말해보라"
"삼성전자㈜","신입","일반면접 - 부품 연구개발","한진중공업 사태에 관해 어떻게 생각하나?"
"삼성전자㈜","신입","일반면접 - 부품 연구개발","Electrowetting display를 만들 때의 비극성 용매와 극성 용질 간의 용해도 개선에 관해 PT해보라"
"삼성전자㈜","신입","일반면접 - 반도체 연구개발","1분간 자기소개를 해보세요"
"삼성전자㈜","신입","일반면접 - 영업마케팅","어학연수 당시 기억남는 일은 무엇인가?"
"삼성전자㈜","신입","일반면접 - 영업마케팅","옴니아2 사용자 불만사태를 옴니아의 브랜드매니저로서 어떻게 해결할 것인가?"
"삼성전자㈜","신입","일반면접 - 영업마케팅","전공학점이 낮은데 전공역량이 떨어지는게 아닌가?"
"삼성전자㈜","신입","일반면접 - 부품H/W 연구개발","당신의 꿈은 무엇인가요?"
"삼성전자㈜","신입","일반면접 - 부품H/W 연구개발","미래에 당신의 인생을 되돌아 봤을 때 성공한 인생일 것 같은가요?"
"삼성전자㈜","신입","일반면접 - 부품H/W 연구개발","성격의 장단점이 포함된 자기소개를 해주세요"
"삼성전자㈜","신입","일반면접 - 부품H/W 연구개발","최근 사회문제에 대해 어떻게 생각하나요?"
"삼성전자㈜","신입","일반면접 - 동계인턴","가장 어려웠던 문제를 해결한 경험은 무엇인가?"
"삼성전자㈜","신입","일반면접 - 동계인턴","계획했던 목표 중 가장 의미 있었던 목표가 무엇인가?"
"삼성전자㈜","신입","일반면접 - 동계인턴","바쁘게 활동하면서 학점이 높은 비결이 있는가?"
"삼성전자㈜","신입","일반면접 - 동계인턴","상사가 비효율적인 업무를 강요한다면 어떻게 하겠는가?"
"삼성전자㈜","신입","일반면접 - 동계인턴","자유롭게 하고 싶은 말이나 질문해보세요"
"삼성전자㈜","신입","일반면접 - 동계인턴","조직에서 리더하는 스타일인가? 따라가는 스타일인가? 그 이유는 무엇인가?"
"삼성전자㈜","신입","일반면접 - 동계인턴","휴학한 이유는 무엇인가? 그동안 무엇을 했는가?"
"삼성전자㈜","신입","일반면접 - 동계인턴","raid구성 방식에서 각각의 특징을 말해보세요"
"삼성전자㈜","신입","일반면접 - VD사업부","삼성의 단점이 무엇인가?"
"삼성전자㈜","신입","일반면접 - VD사업부","인턴하는 동안 어떤 일을 주로 했는가?"
"삼성전자㈜","신입","일반면접 - VD사업부","전공이 지원한 직무와 다른데 지원이유는?"
"삼성전자㈜","신입","일반면접 - 연구개발HW","리더십이 있는 것 같은데 친구들과 모임같은 것을 주도하는 편인가?"
"삼성전자㈜","신입","일반면접 - 제품","본인이 창의적이라고 생각하는가?"
"삼성전자㈜","신입","일반면접 - 제품","입사하고 싶은 부서는?"
"삼성전자㈜","신입","일반면접 - 제품","전공 중에서 가장 좋아했던 것은?"
"삼성전자㈜","신입","일반면접 - 제품","코딩할때 사용하는 언어는 무엇인가?"
"삼성전자㈜","신입","일반면접 - 제품","평소에 책은 많이 읽는 편인가?"
"삼성전자㈜","신입","일반면접 - 제품","프로젝트 진행하면서 생긴 에피소드가 있는가?"
"삼성전자㈜","경력무관","일반면접 - 제품","개인기를 해보세요"
"삼성전자㈜","경력무관","일반면접 - 제품","다른 부서로 보내면 어떻게 할 것인가?"
"삼성전자㈜","경력무관","일반면접 - 제품","마지막으로 하곳 싶은 말은 무엇인가?"
"삼성전자㈜","경력무관","일반면접 - 제품","본인의 성격은 어떠한가?"
"삼성전자㈜","경력무관","일반면접 - 제품","자기소개해보세요"
"삼성전자㈜","경력무관","일반면접 - 제품","제품을 지원한 이유는 무엇인가?"
"삼성전자㈜","신입","일반면접 - 인턴","삼성의 최고 단점이 무엇이라 생각하는가?"
"삼성전자㈜","신입","일반면접 - 인턴","인생에서 차별 받은 적 있는가?"
"삼성전자㈜","신입","일반면접 - 인턴","지원 부서에서 물건을 만들면 그것을 만드는데 어떠한 전공이 어떻게 쓰이는지 설명해보세요"
"삼성전자㈜","경력무관","일반면접 - LCD사업부","1분 자기소개해보세요"
"삼성전자㈜","경력무관","일반면접 - LCD사업부","아르바이트 경험을 말하고 아르바이트를 한 이유를 말해보세요"
"삼성전자㈜","경력무관","일반면접 - LCD사업부","LCD와 OLED의 장단점을 말해보세요"
"삼성전자㈜","신입","일반면접 - 인턴 제품 HW","6시그마의 프로세스 과정을 설명해보라"
"삼성전자㈜","신입","일반면접 - 인턴 제품 HW","관심있는 과목과 성적이 나쁜과목의 이유는?"
"삼성전자㈜","신입","일반면접 - 인턴 제품 HW","실생활에서 써본 삼성제품중에서 개선이 필요한 것은?"
"삼성전자㈜","신입","일반면접 - 인턴 제품 HW","전공 프로젝트에서 겪었던 어려움과 극복한 방법은?"
"삼성전자㈜","신입","일반면접 - 영업마케팅","전공이 지원한 직무와 전혀 다른데 왜 지원했는가?"
"삼성전자㈜","신입","일반면접 - 영업마케팅","지원자만의 장점은?"
"삼성전자㈜","신입","일반면접 - 영업마케팅","학교생활에서 가장 잘했던 경험과 실패한 경험을 말해보라"
"삼성전자㈜","신입","일반면접 - 연구개발","가장 후회되는것은?"
"삼성전자㈜","신입","일반면접 - 연구개발","대학원 진학을 원하시는데 그 이유는 무엇인가요?"
"삼성전자㈜","신입","일반면접 - 연구개발","리더로써 겪어본 경험이 있으면 말해보세요"
"삼성전자㈜","신입","일반면접 - 연구개발","본인이 창의적인 사람이라고 생각하세요?"
"삼성전자㈜","신입","일반면접 - 연구개발","지금 자신이 몇 점 정도 받으신 것 같나요?"
"삼성전자㈜","신입","일반면접 - 연구개발","학점이 낮은데 왜 그런가요?"
